country,ir,loi,cpi
US,10,1,3.76
US,10,2,3.76
US,10,3,3.76
US,10,4,4.55
US,10,5,4.55
US,10,6,4.55
US,10,7,5.35
US,10,8,5.35
US,10,9,5.35
US,10,10,5.35
US,10,11,6.73
US,10,12,6.73
US,10,13,6.73
US,10,14,6.73
US,10,15,6.73
US,10,16,7.42
US,10,17,7.42
US,10,18,7.42
US,10,19,7.42
US,10,20,7.42
US,10,21,7.52
US,10,22,7.52
US,10,23,7.52
US,10,24,7.52
US,10,25,7.52
US,10,26,8.01
US,10,27,8.01
US,10,28,8.01
US,10,29,8.01
US,10,30,8.01
US,10,31,8.61
US,10,32,8.61
US,10,33,8.61
US,10,34,8.61
US,10,35,8.61
US,10,36,8.61
US,10,37,8.61
US,10,38,8.61
US,10,39,8.61
US,10,40,8.61
US,10,41,8.61
US,10,42,8.61
US,10,43,8.61
US,10,44,8.61
US,10,45,8.61
US,20,1,2.77
US,20,2,2.77
US,20,3,2.77
US,20,4,3.66
US,20,5,3.66
US,20,6,3.66
US,20,7,4.46
US,20,8,4.46
US,20,9,4.46
US,20,10,4.46
US,20,11,5.54
US,20,12,5.54
US,20,13,5.54
US,20,14,5.54
US,20,15,5.54
US,20,16,6.13
US,20,17,6.13
US,20,18,6.13
US,20,19,6.13
US,20,20,6.13
US,20,21,6.24
US,20,22,6.24
US,20,23,6.24
US,20,24,6.24
US,20,25,6.24
US,20,26,6.63
US,20,27,6.63
US,20,28,6.63
US,20,29,6.63
US,20,30,6.63
US,20,31,7.42
US,20,32,7.42
US,20,33,7.42
US,20,34,7.42
US,20,35,7.42
US,20,36,7.42
US,20,37,7.42
US,20,38,7.42
US,20,39,7.42
US,20,40,7.42
US,20,41,7.42
US,20,42,7.42
US,20,43,7.42
US,20,44,7.42
US,20,45,7.42
US,30,1,2.38
US,30,2,2.38
US,30,3,2.38
US,30,4,2.97
US,30,5,2.97
US,30,6,2.97
US,30,7,4.15
US,30,8,4.15
US,30,9,4.15
US,30,10,4.15
US,30,11,5.35
US,30,12,5.35
US,30,13,5.35
US,30,14,5.35
US,30,15,5.35
US,30,16,5.74
US,30,17,5.74
US,30,18,5.74
US,30,19,5.74
US,30,20,5.74
US,30,21,5.84
US,30,22,5.84
US,30,23,5.84
US,30,24,5.84
US,30,25,5.84
US,30,26,5.93
US,30,27,5.93
US,30,28,5.93
US,30,29,5.93
US,30,30,5.93
US,30,31,6.63
US,30,32,6.63
US,30,33,6.63
US,30,34,6.63
US,30,35,6.63
US,30,36,6.63
US,30,37,6.63
US,30,38,6.63
US,30,39,6.63
US,30,40,6.63
US,30,41,6.63
US,30,42,6.63
US,30,43,6.63
US,30,44,6.63
US,30,45,6.63
US,40,1,1.98
US,40,2,1.98
US,40,3,1.98
US,40,4,2.38
US,40,5,2.38
US,40,6,2.38
US,40,7,3.26
US,40,8,3.26
US,40,9,3.26
US,40,10,3.26
US,40,11,4.15
US,40,12,4.15
US,40,13,4.15
US,40,14,4.15
US,40,15,4.15
US,40,16,4.65
US,40,17,4.65
US,40,18,4.65
US,40,19,4.65
US,40,20,4.65
US,40,21,4.75
US,40,22,4.75
US,40,23,4.75
US,40,24,4.75
US,40,25,4.75
US,40,26,4.85
US,40,27,4.85
US,40,28,4.85
US,40,29,4.85
US,40,30,4.85
US,40,31,5.45
US,40,32,5.45
US,40,33,5.45
US,40,34,5.45
US,40,35,5.45
US,40,36,5.45
US,40,37,5.45
US,40,38,5.45
US,40,39,5.45
US,40,40,5.45
US,40,41,5.45
US,40,42,5.45
US,40,43,5.45
US,40,44,5.45
US,40,45,5.45
US,50,1,1.98
US,50,2,1.98
US,50,3,1.98
US,50,4,2.38
US,50,5,2.38
US,50,6,2.38
US,50,7,3.26
US,50,8,3.26
US,50,9,3.26
US,50,10,3.26
US,50,11,4.15
US,50,12,4.15
US,50,13,4.15
US,50,14,4.15
US,50,15,4.15
US,50,16,4.65
US,50,17,4.65
US,50,18,4.65
US,50,19,4.65
US,50,20,4.65
US,50,21,4.75
US,50,22,4.75
US,50,23,4.75
US,50,24,4.75
US,50,25,4.75
US,50,26,4.85
US,50,27,4.85
US,50,28,4.85
US,50,29,4.85
US,50,30,4.85
US,50,31,5.45
US,50,32,5.45
US,50,33,5.45
US,50,34,5.45
US,50,35,5.45
US,50,36,5.45
US,50,37,5.45
US,50,38,5.45
US,50,39,5.45
US,50,40,5.45
US,50,41,5.45
US,50,42,5.45
US,50,43,5.45
US,50,44,5.45
US,50,45,5.45
US,60,1,1.38
US,60,2,1.38
US,60,3,1.38
US,60,4,1.98
US,60,5,1.98
US,60,6,1.98
US,60,7,2.58
US,60,8,2.58
US,60,9,2.58
US,60,10,2.58
US,60,11,3.26
US,60,12,3.26
US,60,13,3.26
US,60,14,3.26
US,60,15,3.26
US,60,16,3.66
US,60,17,3.66
US,60,18,3.66
US,60,19,3.66
US,60,20,3.66
US,60,21,3.86
US,60,22,3.86
US,60,23,3.86
US,60,24,3.86
US,60,25,3.86
US,60,26,4.05
US,60,27,4.05
US,60,28,4.05
US,60,29,4.05
US,60,30,4.05
US,60,31,4.25
US,60,32,4.25
US,60,33,4.25
US,60,34,4.25
US,60,35,4.25
US,60,36,4.25
US,60,37,4.25
US,60,38,4.25
US,60,39,4.25
US,60,40,4.25
US,60,41,4.25
US,60,42,4.25
US,60,43,4.25
US,60,44,4.25
US,60,45,4.25
US,70,1,1.38
US,70,2,1.38
US,70,3,1.38
US,70,4,1.98
US,70,5,1.98
US,70,6,1.98
US,70,7,2.58
US,70,8,2.58
US,70,9,2.58
US,70,10,2.58
US,70,11,3.26
US,70,12,3.26
US,70,13,3.26
US,70,14,3.26
US,70,15,3.26
US,70,16,3.66
US,70,17,3.66
US,70,18,3.66
US,70,19,3.66
US,70,20,3.66
US,70,21,3.86
US,70,22,3.86
US,70,23,3.86
US,70,24,3.86
US,70,25,3.86
US,70,26,4.05
US,70,27,4.05
US,70,28,4.05
US,70,29,4.05
US,70,30,4.05
US,70,31,4.25
US,70,32,4.25
US,70,33,4.25
US,70,34,4.25
US,70,35,4.25
US,70,36,4.25
US,70,37,4.25
US,70,38,4.25
US,70,39,4.25
US,70,40,4.25
US,70,41,4.25
US,70,42,4.25
US,70,43,4.25
US,70,44,4.25
US,70,45,4.25
US,80,1,0.99
US,80,2,0.99
US,80,3,0.99
US,80,4,1.38
US,80,5,1.38
US,80,6,1.38
US,80,7,1.68
US,80,8,1.68
US,80,9,1.68
US,80,10,1.68
US,80,11,2.27
US,80,12,2.27
US,80,13,2.27
US,80,14,2.27
US,80,15,2.27
US,80,16,2.87
US,80,17,2.87
US,80,18,2.87
US,80,19,2.87
US,80,20,2.87
US,80,21,3.07
US,80,22,3.07
US,80,23,3.07
US,80,24,3.07
US,80,25,3.07
US,80,26,3.26
US,80,27,3.26
US,80,28,3.26
US,80,29,3.26
US,80,30,3.26
US,80,31,3.47
US,80,32,3.47
US,80,33,3.47
US,80,34,3.47
US,80,35,3.47
US,80,36,3.47
US,80,37,3.47
US,80,38,3.47
US,80,39,3.47
US,80,40,3.47
US,80,41,3.47
US,80,42,3.47
US,80,43,3.47
US,80,44,3.47
US,80,45,3.47
US,90,1,0.99
US,90,2,0.99
US,90,3,0.99
US,90,4,1.38
US,90,5,1.38
US,90,6,1.38
US,90,7,1.68
US,90,8,1.68
US,90,9,1.68
US,90,10,1.68
US,90,11,2.27
US,90,12,2.27
US,90,13,2.27
US,90,14,2.27
US,90,15,2.27
US,90,16,2.87
US,90,17,2.87
US,90,18,2.87
US,90,19,2.87
US,90,20,2.87
US,90,21,3.07
US,90,22,3.07
US,90,23,3.07
US,90,24,3.07
US,90,25,3.07
US,90,26,3.26
US,90,27,3.26
US,90,28,3.26
US,90,29,3.26
US,90,30,3.26
US,90,31,3.47
US,90,32,3.47
US,90,33,3.47
US,90,34,3.47
US,90,35,3.47
US,90,36,3.47
US,90,37,3.47
US,90,38,3.47
US,90,39,3.47
US,90,40,3.47
US,90,41,3.47
US,90,42,3.47
US,90,43,3.47
US,90,44,3.47
US,90,45,3.47
US,100,1,0.99
US,100,2,0.99
US,100,3,0.99
US,100,4,1.38
US,100,5,1.38
US,100,6,1.38
US,100,7,1.68
US,100,8,1.68
US,100,9,1.68
US,100,10,1.68
US,100,11,2.27
US,100,12,2.27
US,100,13,2.27
US,100,14,2.27
US,100,15,2.27
US,100,16,2.87
US,100,17,2.87
US,100,18,2.87
US,100,19,2.87
US,100,20,2.87
US,100,21,3.07
US,100,22,3.07
US,100,23,3.07
US,100,24,3.07
US,100,25,3.07
US,100,26,3.26
US,100,27,3.26
US,100,28,3.26
US,100,29,3.26
US,100,30,3.26
US,100,31,3.47
US,100,32,3.47
US,100,33,3.47
US,100,34,3.47
US,100,35,3.47
US,100,36,3.47
US,100,37,3.47
US,100,38,3.47
US,100,39,3.47
US,100,40,3.47
US,100,41,3.47
US,100,42,3.47
US,100,43,3.47
US,100,44,3.47
US,100,45,3.47
CA,10,1,3.88
CA,10,2,3.88
CA,10,3,3.88
CA,10,4,4.7
CA,10,5,4.7
CA,10,6,4.7
CA,10,7,5.51
CA,10,8,5.51
CA,10,9,5.51
CA,10,10,5.51
CA,10,11,6.95
CA,10,12,6.95
CA,10,13,6.95
CA,10,14,6.95
CA,10,15,6.95
CA,10,16,7.66
CA,10,17,7.66
CA,10,18,7.66
CA,10,19,7.66
CA,10,20,7.66
CA,10,21,7.76
CA,10,22,7.76
CA,10,23,7.76
CA,10,24,7.76
CA,10,25,7.76
CA,10,26,8.27
CA,10,27,8.27
CA,10,28,8.27
CA,10,29,8.27
CA,10,30,8.27
CA,10,31,8.88
CA,10,32,8.88
CA,10,33,8.88
CA,10,34,8.88
CA,10,35,8.88
CA,10,36,8.88
CA,10,37,8.88
CA,10,38,8.88
CA,10,39,8.88
CA,10,40,8.88
CA,10,41,8.88
CA,10,42,8.88
CA,10,43,8.88
CA,10,44,8.88
CA,10,45,8.88
CA,20,1,2.86
CA,20,2,2.86
CA,20,3,2.86
CA,20,4,3.78
CA,20,5,3.78
CA,20,6,3.78
CA,20,7,4.6
CA,20,8,4.6
CA,20,9,4.6
CA,20,10,4.6
CA,20,11,5.72
CA,20,12,5.72
CA,20,13,5.72
CA,20,14,5.72
CA,20,15,5.72
CA,20,16,6.33
CA,20,17,6.33
CA,20,18,6.33
CA,20,19,6.33
CA,20,20,6.33
CA,20,21,6.43
CA,20,22,6.43
CA,20,23,6.43
CA,20,24,6.43
CA,20,25,6.43
CA,20,26,6.84
CA,20,27,6.84
CA,20,28,6.84
CA,20,29,6.84
CA,20,30,6.84
CA,20,31,7.66
CA,20,32,7.66
CA,20,33,7.66
CA,20,34,7.66
CA,20,35,7.66
CA,20,36,7.66
CA,20,37,7.66
CA,20,38,7.66
CA,20,39,7.66
CA,20,40,7.66
CA,20,41,7.66
CA,20,42,7.66
CA,20,43,7.66
CA,20,44,7.66
CA,20,45,7.66
CA,30,1,2.45
CA,30,2,2.45
CA,30,3,2.45
CA,30,4,3.07
CA,30,5,3.07
CA,30,6,3.07
CA,30,7,4.29
CA,30,8,4.29
CA,30,9,4.29
CA,30,10,4.29
CA,30,11,5.51
CA,30,12,5.51
CA,30,13,5.51
CA,30,14,5.51
CA,30,15,5.51
CA,30,16,5.92
CA,30,17,5.92
CA,30,18,5.92
CA,30,19,5.92
CA,30,20,5.92
CA,30,21,6.02
CA,30,22,6.02
CA,30,23,6.02
CA,30,24,6.02
CA,30,25,6.02
CA,30,26,6.13
CA,30,27,6.13
CA,30,28,6.13
CA,30,29,6.13
CA,30,30,6.13
CA,30,31,6.84
CA,30,32,6.84
CA,30,33,6.84
CA,30,34,6.84
CA,30,35,6.84
CA,30,36,6.84
CA,30,37,6.84
CA,30,38,6.84
CA,30,39,6.84
CA,30,40,6.84
CA,30,41,6.84
CA,30,42,6.84
CA,30,43,6.84
CA,30,44,6.84
CA,30,45,6.84
CA,40,1,2.04
CA,40,2,2.04
CA,40,3,2.04
CA,40,4,2.45
CA,40,5,2.45
CA,40,6,2.45
CA,40,7,3.37
CA,40,8,3.37
CA,40,9,3.37
CA,40,10,3.37
CA,40,11,4.29
CA,40,12,4.29
CA,40,13,4.29
CA,40,14,4.29
CA,40,15,4.29
CA,40,16,4.8
CA,40,17,4.8
CA,40,18,4.8
CA,40,19,4.8
CA,40,20,4.8
CA,40,21,4.9
CA,40,22,4.9
CA,40,23,4.9
CA,40,24,4.9
CA,40,25,4.9
CA,40,26,5
CA,40,27,5
CA,40,28,5
CA,40,29,5
CA,40,30,5
CA,40,31,5.62
CA,40,32,5.62
CA,40,33,5.62
CA,40,34,5.62
CA,40,35,5.62
CA,40,36,5.62
CA,40,37,5.62
CA,40,38,5.62
CA,40,39,5.62
CA,40,40,5.62
CA,40,41,5.62
CA,40,42,5.62
CA,40,43,5.62
CA,40,44,5.62
CA,40,45,5.62
CA,50,1,2.04
CA,50,2,2.04
CA,50,3,2.04
CA,50,4,2.45
CA,50,5,2.45
CA,50,6,2.45
CA,50,7,3.37
CA,50,8,3.37
CA,50,9,3.37
CA,50,10,3.37
CA,50,11,4.29
CA,50,12,4.29
CA,50,13,4.29
CA,50,14,4.29
CA,50,15,4.29
CA,50,16,4.8
CA,50,17,4.8
CA,50,18,4.8
CA,50,19,4.8
CA,50,20,4.8
CA,50,21,4.9
CA,50,22,4.9
CA,50,23,4.9
CA,50,24,4.9
CA,50,25,4.9
CA,50,26,5
CA,50,27,5
CA,50,28,5
CA,50,29,5
CA,50,30,5
CA,50,31,5.62
CA,50,32,5.62
CA,50,33,5.62
CA,50,34,5.62
CA,50,35,5.62
CA,50,36,5.62
CA,50,37,5.62
CA,50,38,5.62
CA,50,39,5.62
CA,50,40,5.62
CA,50,41,5.62
CA,50,42,5.62
CA,50,43,5.62
CA,50,44,5.62
CA,50,45,5.62
CA,60,1,1.43
CA,60,2,1.43
CA,60,3,1.43
CA,60,4,2.04
CA,60,5,2.04
CA,60,6,2.04
CA,60,7,2.65
CA,60,8,2.65
CA,60,9,2.65
CA,60,10,2.65
CA,60,11,3.37
CA,60,12,3.37
CA,60,13,3.37
CA,60,14,3.37
CA,60,15,3.37
CA,60,16,3.78
CA,60,17,3.78
CA,60,18,3.78
CA,60,19,3.78
CA,60,20,3.78
CA,60,21,3.98
CA,60,22,3.98
CA,60,23,3.98
CA,60,24,3.98
CA,60,25,3.98
CA,60,26,4.18
CA,60,27,4.18
CA,60,28,4.18
CA,60,29,4.18
CA,60,30,4.18
CA,60,31,4.39
CA,60,32,4.39
CA,60,33,4.39
CA,60,34,4.39
CA,60,35,4.39
CA,60,36,4.39
CA,60,37,4.39
CA,60,38,4.39
CA,60,39,4.39
CA,60,40,4.39
CA,60,41,4.39
CA,60,42,4.39
CA,60,43,4.39
CA,60,44,4.39
CA,60,45,4.39
CA,70,1,1.43
CA,70,2,1.43
CA,70,3,1.43
CA,70,4,2.04
CA,70,5,2.04
CA,70,6,2.04
CA,70,7,2.65
CA,70,8,2.65
CA,70,9,2.65
CA,70,10,2.65
CA,70,11,3.37
CA,70,12,3.37
CA,70,13,3.37
CA,70,14,3.37
CA,70,15,3.37
CA,70,16,3.78
CA,70,17,3.78
CA,70,18,3.78
CA,70,19,3.78
CA,70,20,3.78
CA,70,21,3.98
CA,70,22,3.98
CA,70,23,3.98
CA,70,24,3.98
CA,70,25,3.98
CA,70,26,4.18
CA,70,27,4.18
CA,70,28,4.18
CA,70,29,4.18
CA,70,30,4.18
CA,70,31,4.39
CA,70,32,4.39
CA,70,33,4.39
CA,70,34,4.39
CA,70,35,4.39
CA,70,36,4.39
CA,70,37,4.39
CA,70,38,4.39
CA,70,39,4.39
CA,70,40,4.39
CA,70,41,4.39
CA,70,42,4.39
CA,70,43,4.39
CA,70,44,4.39
CA,70,45,4.39
CA,80,1,1.02
CA,80,2,1.02
CA,80,3,1.02
CA,80,4,1.43
CA,80,5,1.43
CA,80,6,1.43
CA,80,7,1.74
CA,80,8,1.74
CA,80,9,1.74
CA,80,10,1.74
CA,80,11,2.35
CA,80,12,2.35
CA,80,13,2.35
CA,80,14,2.35
CA,80,15,2.35
CA,80,16,2.96
CA,80,17,2.96
CA,80,18,2.96
CA,80,19,2.96
CA,80,20,2.96
CA,80,21,3.16
CA,80,22,3.16
CA,80,23,3.16
CA,80,24,3.16
CA,80,25,3.16
CA,80,26,3.37
CA,80,27,3.37
CA,80,28,3.37
CA,80,29,3.37
CA,80,30,3.37
CA,80,31,3.58
CA,80,32,3.58
CA,80,33,3.58
CA,80,34,3.58
CA,80,35,3.58
CA,80,36,3.58
CA,80,37,3.58
CA,80,38,3.58
CA,80,39,3.58
CA,80,40,3.58
CA,80,41,3.58
CA,80,42,3.58
CA,80,43,3.58
CA,80,44,3.58
CA,80,45,3.58
CA,90,1,1.02
CA,90,2,1.02
CA,90,3,1.02
CA,90,4,1.43
CA,90,5,1.43
CA,90,6,1.43
CA,90,7,1.74
CA,90,8,1.74
CA,90,9,1.74
CA,90,10,1.74
CA,90,11,2.35
CA,90,12,2.35
CA,90,13,2.35
CA,90,14,2.35
CA,90,15,2.35
CA,90,16,2.96
CA,90,17,2.96
CA,90,18,2.96
CA,90,19,2.96
CA,90,20,2.96
CA,90,21,3.16
CA,90,22,3.16
CA,90,23,3.16
CA,90,24,3.16
CA,90,25,3.16
CA,90,26,3.37
CA,90,27,3.37
CA,90,28,3.37
CA,90,29,3.37
CA,90,30,3.37
CA,90,31,3.58
CA,90,32,3.58
CA,90,33,3.58
CA,90,34,3.58
CA,90,35,3.58
CA,90,36,3.58
CA,90,37,3.58
CA,90,38,3.58
CA,90,39,3.58
CA,90,40,3.58
CA,90,41,3.58
CA,90,42,3.58
CA,90,43,3.58
CA,90,44,3.58
CA,90,45,3.58
CA,100,1,1.02
CA,100,2,1.02
CA,100,3,1.02
CA,100,4,1.43
CA,100,5,1.43
CA,100,6,1.43
CA,100,7,1.74
CA,100,8,1.74
CA,100,9,1.74
CA,100,10,1.74
CA,100,11,2.35
CA,100,12,2.35
CA,100,13,2.35
CA,100,14,2.35
CA,100,15,2.35
CA,100,16,2.96
CA,100,17,2.96
CA,100,18,2.96
CA,100,19,2.96
CA,100,20,2.96
CA,100,21,3.16
CA,100,22,3.16
CA,100,23,3.16
CA,100,24,3.16
CA,100,25,3.16
CA,100,26,3.37
CA,100,27,3.37
CA,100,28,3.37
CA,100,29,3.37
CA,100,30,3.37
CA,100,31,3.58
CA,100,32,3.58
CA,100,33,3.58
CA,100,34,3.58
CA,100,35,3.58
CA,100,36,3.58
CA,100,37,3.58
CA,100,38,3.58
CA,100,39,3.58
CA,100,40,3.58
CA,100,41,3.58
CA,100,42,3.58
CA,100,43,3.58
CA,100,44,3.58
CA,100,45,3.58
MX,10,1,3.83
MX,10,2,3.83
MX,10,3,3.83
MX,10,4,4.64
MX,10,5,4.64
MX,10,6,4.64
MX,10,7,5.45
MX,10,8,5.45
MX,10,9,5.45
MX,10,10,5.45
MX,10,11,6.86
MX,10,12,6.86
MX,10,13,6.86
MX,10,14,6.86
MX,10,15,6.86
MX,10,16,7.55
MX,10,17,7.55
MX,10,18,7.55
MX,10,19,7.55
MX,10,20,7.55
MX,10,21,7.66
MX,10,22,7.66
MX,10,23,7.66
MX,10,24,7.66
MX,10,25,7.66
MX,10,26,8.16
MX,10,27,8.16
MX,10,28,8.16
MX,10,29,8.16
MX,10,30,8.16
MX,10,31,8.77
MX,10,32,8.77
MX,10,33,8.77
MX,10,34,8.77
MX,10,35,8.77
MX,10,36,8.77
MX,10,37,8.77
MX,10,38,8.77
MX,10,39,8.77
MX,10,40,8.77
MX,10,41,8.77
MX,10,42,8.77
MX,10,43,8.77
MX,10,44,8.77
MX,10,45,8.77
MX,20,1,2.83
MX,20,2,2.83
MX,20,3,2.83
MX,20,4,3.73
MX,20,5,3.73
MX,20,6,3.73
MX,20,7,4.53
MX,20,8,4.53
MX,20,9,4.53
MX,20,10,4.53
MX,20,11,5.64
MX,20,12,5.64
MX,20,13,5.64
MX,20,14,5.64
MX,20,15,5.64
MX,20,16,6.25
MX,20,17,6.25
MX,20,18,6.25
MX,20,19,6.25
MX,20,20,6.25
MX,20,21,6.35
MX,20,22,6.35
MX,20,23,6.35
MX,20,24,6.35
MX,20,25,6.35
MX,20,26,6.75
MX,20,27,6.75
MX,20,28,6.75
MX,20,29,6.75
MX,20,30,6.75
MX,20,31,7.55
MX,20,32,7.55
MX,20,33,7.55
MX,20,34,7.55
MX,20,35,7.55
MX,20,36,7.55
MX,20,37,7.55
MX,20,38,7.55
MX,20,39,7.55
MX,20,40,7.55
MX,20,41,7.55
MX,20,42,7.55
MX,20,43,7.55
MX,20,44,7.55
MX,20,45,7.55
MX,30,1,2.42
MX,30,2,2.42
MX,30,3,2.42
MX,30,4,3.02
MX,30,5,3.02
MX,30,6,3.02
MX,30,7,4.23
MX,30,8,4.23
MX,30,9,4.23
MX,30,10,4.23
MX,30,11,5.45
MX,30,12,5.45
MX,30,13,5.45
MX,30,14,5.45
MX,30,15,5.45
MX,30,16,5.85
MX,30,17,5.85
MX,30,18,5.85
MX,30,19,5.85
MX,30,20,5.85
MX,30,21,5.95
MX,30,22,5.95
MX,30,23,5.95
MX,30,24,5.95
MX,30,25,5.95
MX,30,26,6.04
MX,30,27,6.04
MX,30,28,6.04
MX,30,29,6.04
MX,30,30,6.04
MX,30,31,6.75
MX,30,32,6.75
MX,30,33,6.75
MX,30,34,6.75
MX,30,35,6.75
MX,30,36,6.75
MX,30,37,6.75
MX,30,38,6.75
MX,30,39,6.75
MX,30,40,6.75
MX,30,41,6.75
MX,30,42,6.75
MX,30,43,6.75
MX,30,44,6.75
MX,30,45,6.75
MX,40,1,2.01
MX,40,2,2.01
MX,40,3,2.01
MX,40,4,2.42
MX,40,5,2.42
MX,40,6,2.42
MX,40,7,3.33
MX,40,8,3.33
MX,40,9,3.33
MX,40,10,3.33
MX,40,11,4.23
MX,40,12,4.23
MX,40,13,4.23
MX,40,14,4.23
MX,40,15,4.23
MX,40,16,4.74
MX,40,17,4.74
MX,40,18,4.74
MX,40,19,4.74
MX,40,20,4.74
MX,40,21,4.84
MX,40,22,4.84
MX,40,23,4.84
MX,40,24,4.84
MX,40,25,4.84
MX,40,26,4.93
MX,40,27,4.93
MX,40,28,4.93
MX,40,29,4.93
MX,40,30,4.93
MX,40,31,5.54
MX,40,32,5.54
MX,40,33,5.54
MX,40,34,5.54
MX,40,35,5.54
MX,40,36,5.54
MX,40,37,5.54
MX,40,38,5.54
MX,40,39,5.54
MX,40,40,5.54
MX,40,41,5.54
MX,40,42,5.54
MX,40,43,5.54
MX,40,44,5.54
MX,40,45,5.54
MX,50,1,2.01
MX,50,2,2.01
MX,50,3,2.01
MX,50,4,2.42
MX,50,5,2.42
MX,50,6,2.42
MX,50,7,3.33
MX,50,8,3.33
MX,50,9,3.33
MX,50,10,3.33
MX,50,11,4.23
MX,50,12,4.23
MX,50,13,4.23
MX,50,14,4.23
MX,50,15,4.23
MX,50,16,4.74
MX,50,17,4.74
MX,50,18,4.74
MX,50,19,4.74
MX,50,20,4.74
MX,50,21,4.84
MX,50,22,4.84
MX,50,23,4.84
MX,50,24,4.84
MX,50,25,4.84
MX,50,26,4.93
MX,50,27,4.93
MX,50,28,4.93
MX,50,29,4.93
MX,50,30,4.93
MX,50,31,5.54
MX,50,32,5.54
MX,50,33,5.54
MX,50,34,5.54
MX,50,35,5.54
MX,50,36,5.54
MX,50,37,5.54
MX,50,38,5.54
MX,50,39,5.54
MX,50,40,5.54
MX,50,41,5.54
MX,50,42,5.54
MX,50,43,5.54
MX,50,44,5.54
MX,50,45,5.54
MX,60,1,1.41
MX,60,2,1.41
MX,60,3,1.41
MX,60,4,2.01
MX,60,5,2.01
MX,60,6,2.01
MX,60,7,2.62
MX,60,8,2.62
MX,60,9,2.62
MX,60,10,2.62
MX,60,11,3.33
MX,60,12,3.33
MX,60,13,3.33
MX,60,14,3.33
MX,60,15,3.33
MX,60,16,3.73
MX,60,17,3.73
MX,60,18,3.73
MX,60,19,3.73
MX,60,20,3.73
MX,60,21,3.93
MX,60,22,3.93
MX,60,23,3.93
MX,60,24,3.93
MX,60,25,3.93
MX,60,26,4.13
MX,60,27,4.13
MX,60,28,4.13
MX,60,29,4.13
MX,60,30,4.13
MX,60,31,4.34
MX,60,32,4.34
MX,60,33,4.34
MX,60,34,4.34
MX,60,35,4.34
MX,60,36,4.34
MX,60,37,4.34
MX,60,38,4.34
MX,60,39,4.34
MX,60,40,4.34
MX,60,41,4.34
MX,60,42,4.34
MX,60,43,4.34
MX,60,44,4.34
MX,60,45,4.34
MX,70,1,1.41
MX,70,2,1.41
MX,70,3,1.41
MX,70,4,2.01
MX,70,5,2.01
MX,70,6,2.01
MX,70,7,2.62
MX,70,8,2.62
MX,70,9,2.62
MX,70,10,2.62
MX,70,11,3.33
MX,70,12,3.33
MX,70,13,3.33
MX,70,14,3.33
MX,70,15,3.33
MX,70,16,3.73
MX,70,17,3.73
MX,70,18,3.73
MX,70,19,3.73
MX,70,20,3.73
MX,70,21,3.93
MX,70,22,3.93
MX,70,23,3.93
MX,70,24,3.93
MX,70,25,3.93
MX,70,26,4.13
MX,70,27,4.13
MX,70,28,4.13
MX,70,29,4.13
MX,70,30,4.13
MX,70,31,4.34
MX,70,32,4.34
MX,70,33,4.34
MX,70,34,4.34
MX,70,35,4.34
MX,70,36,4.34
MX,70,37,4.34
MX,70,38,4.34
MX,70,39,4.34
MX,70,40,4.34
MX,70,41,4.34
MX,70,42,4.34
MX,70,43,4.34
MX,70,44,4.34
MX,70,45,4.34
MX,80,1,1.01
MX,80,2,1.01
MX,80,3,1.01
MX,80,4,1.41
MX,80,5,1.41
MX,80,6,1.41
MX,80,7,1.72
MX,80,8,1.72
MX,80,9,1.72
MX,80,10,1.72
MX,80,11,2.32
MX,80,12,2.32
MX,80,13,2.32
MX,80,14,2.32
MX,80,15,2.32
MX,80,16,2.92
MX,80,17,2.92
MX,80,18,2.92
MX,80,19,2.92
MX,80,20,2.92
MX,80,21,3.12
MX,80,22,3.12
MX,80,23,3.12
MX,80,24,3.12
MX,80,25,3.12
MX,80,26,3.33
MX,80,27,3.33
MX,80,28,3.33
MX,80,29,3.33
MX,80,30,3.33
MX,80,31,3.53
MX,80,32,3.53
MX,80,33,3.53
MX,80,34,3.53
MX,80,35,3.53
MX,80,36,3.53
MX,80,37,3.53
MX,80,38,3.53
MX,80,39,3.53
MX,80,40,3.53
MX,80,41,3.53
MX,80,42,3.53
MX,80,43,3.53
MX,80,44,3.53
MX,80,45,3.53
MX,90,1,1.01
MX,90,2,1.01
MX,90,3,1.01
MX,90,4,1.41
MX,90,5,1.41
MX,90,6,1.41
MX,90,7,1.72
MX,90,8,1.72
MX,90,9,1.72
MX,90,10,1.72
MX,90,11,2.32
MX,90,12,2.32
MX,90,13,2.32
MX,90,14,2.32
MX,90,15,2.32
MX,90,16,2.92
MX,90,17,2.92
MX,90,18,2.92
MX,90,19,2.92
MX,90,20,2.92
MX,90,21,3.12
MX,90,22,3.12
MX,90,23,3.12
MX,90,24,3.12
MX,90,25,3.12
MX,90,26,3.33
MX,90,27,3.33
MX,90,28,3.33
MX,90,29,3.33
MX,90,30,3.33
MX,90,31,3.53
MX,90,32,3.53
MX,90,33,3.53
MX,90,34,3.53
MX,90,35,3.53
MX,90,36,3.53
MX,90,37,3.53
MX,90,38,3.53
MX,90,39,3.53
MX,90,40,3.53
MX,90,41,3.53
MX,90,42,3.53
MX,90,43,3.53
MX,90,44,3.53
MX,90,45,3.53
MX,100,1,1.01
MX,100,2,1.01
MX,100,3,1.01
MX,100,4,1.41
MX,100,5,1.41
MX,100,6,1.41
MX,100,7,1.72
MX,100,8,1.72
MX,100,9,1.72
MX,100,10,1.72
MX,100,11,2.32
MX,100,12,2.32
MX,100,13,2.32
MX,100,14,2.32
MX,100,15,2.32
MX,100,16,2.92
MX,100,17,2.92
MX,100,18,2.92
MX,100,19,2.92
MX,100,20,2.92
MX,100,21,3.12
MX,100,22,3.12
MX,100,23,3.12
MX,100,24,3.12
MX,100,25,3.12
MX,100,26,3.33
MX,100,27,3.33
MX,100,28,3.33
MX,100,29,3.33
MX,100,30,3.33
MX,100,31,3.53
MX,100,32,3.53
MX,100,33,3.53
MX,100,34,3.53
MX,100,35,3.53
MX,100,36,3.53
MX,100,37,3.53
MX,100,38,3.53
MX,100,39,3.53
MX,100,40,3.53
MX,100,41,3.53
MX,100,42,3.53
MX,100,43,3.53
MX,100,44,3.53
MX,100,45,3.53
GB,10,1,4.04
GB,10,2,4.04
GB,10,3,4.04
GB,10,4,4.89
GB,10,5,4.89
GB,10,6,4.89
GB,10,7,5.75
GB,10,8,5.75
GB,10,9,5.75
GB,10,10,5.75
GB,10,11,7.24
GB,10,12,7.24
GB,10,13,7.24
GB,10,14,7.24
GB,10,15,7.24
GB,10,16,7.98
GB,10,17,7.98
GB,10,18,7.98
GB,10,19,7.98
GB,10,20,7.98
GB,10,21,8.09
GB,10,22,8.09
GB,10,23,8.09
GB,10,24,8.09
GB,10,25,8.09
GB,10,26,8.62
GB,10,27,8.62
GB,10,28,8.62
GB,10,29,8.62
GB,10,30,8.62
GB,10,31,9.26
GB,10,32,9.26
GB,10,33,9.26
GB,10,34,9.26
GB,10,35,9.26
GB,10,36,9.26
GB,10,37,9.26
GB,10,38,9.26
GB,10,39,9.26
GB,10,40,9.26
GB,10,41,9.26
GB,10,42,9.26
GB,10,43,9.26
GB,10,44,9.26
GB,10,45,9.26
GB,20,1,2.98
GB,20,2,2.98
GB,20,3,2.98
GB,20,4,3.93
GB,20,5,3.93
GB,20,6,3.93
GB,20,7,4.79
GB,20,8,4.79
GB,20,9,4.79
GB,20,10,4.79
GB,20,11,5.96
GB,20,12,5.96
GB,20,13,5.96
GB,20,14,5.96
GB,20,15,5.96
GB,20,16,6.6
GB,20,17,6.6
GB,20,18,6.6
GB,20,19,6.6
GB,20,20,6.6
GB,20,21,6.71
GB,20,22,6.71
GB,20,23,6.71
GB,20,24,6.71
GB,20,25,6.71
GB,20,26,7.13
GB,20,27,7.13
GB,20,28,7.13
GB,20,29,7.13
GB,20,30,7.13
GB,20,31,7.98
GB,20,32,7.98
GB,20,33,7.98
GB,20,34,7.98
GB,20,35,7.98
GB,20,36,7.98
GB,20,37,7.98
GB,20,38,7.98
GB,20,39,7.98
GB,20,40,7.98
GB,20,41,7.98
GB,20,42,7.98
GB,20,43,7.98
GB,20,44,7.98
GB,20,45,7.98
GB,30,1,2.55
GB,30,2,2.55
GB,30,3,2.55
GB,30,4,3.2
GB,30,5,3.2
GB,30,6,3.2
GB,30,7,4.47
GB,30,8,4.47
GB,30,9,4.47
GB,30,10,4.47
GB,30,11,5.75
GB,30,12,5.75
GB,30,13,5.75
GB,30,14,5.75
GB,30,15,5.75
GB,30,16,6.17
GB,30,17,6.17
GB,30,18,6.17
GB,30,19,6.17
GB,30,20,6.17
GB,30,21,6.28
GB,30,22,6.28
GB,30,23,6.28
GB,30,24,6.28
GB,30,25,6.28
GB,30,26,6.38
GB,30,27,6.38
GB,30,28,6.38
GB,30,29,6.38
GB,30,30,6.38
GB,30,31,7.13
GB,30,32,7.13
GB,30,33,7.13
GB,30,34,7.13
GB,30,35,7.13
GB,30,36,7.13
GB,30,37,7.13
GB,30,38,7.13
GB,30,39,7.13
GB,30,40,7.13
GB,30,41,7.13
GB,30,42,7.13
GB,30,43,7.13
GB,30,44,7.13
GB,30,45,7.13
GB,40,1,2.13
GB,40,2,2.13
GB,40,3,2.13
GB,40,4,2.55
GB,40,5,2.55
GB,40,6,2.55
GB,40,7,3.51
GB,40,8,3.51
GB,40,9,3.51
GB,40,10,3.51
GB,40,11,4.47
GB,40,12,4.47
GB,40,13,4.47
GB,40,14,4.47
GB,40,15,4.47
GB,40,16,5
GB,40,17,5
GB,40,18,5
GB,40,19,5
GB,40,20,5
GB,40,21,5.11
GB,40,22,5.11
GB,40,23,5.11
GB,40,24,5.11
GB,40,25,5.11
GB,40,26,5.22
GB,40,27,5.22
GB,40,28,5.22
GB,40,29,5.22
GB,40,30,5.22
GB,40,31,5.85
GB,40,32,5.85
GB,40,33,5.85
GB,40,34,5.85
GB,40,35,5.85
GB,40,36,5.85
GB,40,37,5.85
GB,40,38,5.85
GB,40,39,5.85
GB,40,40,5.85
GB,40,41,5.85
GB,40,42,5.85
GB,40,43,5.85
GB,40,44,5.85
GB,40,45,5.85
GB,50,1,2.13
GB,50,2,2.13
GB,50,3,2.13
GB,50,4,2.55
GB,50,5,2.55
GB,50,6,2.55
GB,50,7,3.51
GB,50,8,3.51
GB,50,9,3.51
GB,50,10,3.51
GB,50,11,4.47
GB,50,12,4.47
GB,50,13,4.47
GB,50,14,4.47
GB,50,15,4.47
GB,50,16,5
GB,50,17,5
GB,50,18,5
GB,50,19,5
GB,50,20,5
GB,50,21,5.11
GB,50,22,5.11
GB,50,23,5.11
GB,50,24,5.11
GB,50,25,5.11
GB,50,26,5.22
GB,50,27,5.22
GB,50,28,5.22
GB,50,29,5.22
GB,50,30,5.22
GB,50,31,5.85
GB,50,32,5.85
GB,50,33,5.85
GB,50,34,5.85
GB,50,35,5.85
GB,50,36,5.85
GB,50,37,5.85
GB,50,38,5.85
GB,50,39,5.85
GB,50,40,5.85
GB,50,41,5.85
GB,50,42,5.85
GB,50,43,5.85
GB,50,44,5.85
GB,50,45,5.85
GB,60,1,1.49
GB,60,2,1.49
GB,60,3,1.49
GB,60,4,2.13
GB,60,5,2.13
GB,60,6,2.13
GB,60,7,2.77
GB,60,8,2.77
GB,60,9,2.77
GB,60,10,2.77
GB,60,11,3.51
GB,60,12,3.51
GB,60,13,3.51
GB,60,14,3.51
GB,60,15,3.51
GB,60,16,3.93
GB,60,17,3.93
GB,60,18,3.93
GB,60,19,3.93
GB,60,20,3.93
GB,60,21,4.15
GB,60,22,4.15
GB,60,23,4.15
GB,60,24,4.15
GB,60,25,4.15
GB,60,26,4.36
GB,60,27,4.36
GB,60,28,4.36
GB,60,29,4.36
GB,60,30,4.36
GB,60,31,4.58
GB,60,32,4.58
GB,60,33,4.58
GB,60,34,4.58
GB,60,35,4.58
GB,60,36,4.58
GB,60,37,4.58
GB,60,38,4.58
GB,60,39,4.58
GB,60,40,4.58
GB,60,41,4.58
GB,60,42,4.58
GB,60,43,4.58
GB,60,44,4.58
GB,60,45,4.58
GB,70,1,1.49
GB,70,2,1.49
GB,70,3,1.49
GB,70,4,2.13
GB,70,5,2.13
GB,70,6,2.13
GB,70,7,2.77
GB,70,8,2.77
GB,70,9,2.77
GB,70,10,2.77
GB,70,11,3.51
GB,70,12,3.51
GB,70,13,3.51
GB,70,14,3.51
GB,70,15,3.51
GB,70,16,3.93
GB,70,17,3.93
GB,70,18,3.93
GB,70,19,3.93
GB,70,20,3.93
GB,70,21,4.15
GB,70,22,4.15
GB,70,23,4.15
GB,70,24,4.15
GB,70,25,4.15
GB,70,26,4.36
GB,70,27,4.36
GB,70,28,4.36
GB,70,29,4.36
GB,70,30,4.36
GB,70,31,4.58
GB,70,32,4.58
GB,70,33,4.58
GB,70,34,4.58
GB,70,35,4.58
GB,70,36,4.58
GB,70,37,4.58
GB,70,38,4.58
GB,70,39,4.58
GB,70,40,4.58
GB,70,41,4.58
GB,70,42,4.58
GB,70,43,4.58
GB,70,44,4.58
GB,70,45,4.58
GB,80,1,1.07
GB,80,2,1.07
GB,80,3,1.07
GB,80,4,1.49
GB,80,5,1.49
GB,80,6,1.49
GB,80,7,1.8
GB,80,8,1.8
GB,80,9,1.8
GB,80,10,1.8
GB,80,11,2.45
GB,80,12,2.45
GB,80,13,2.45
GB,80,14,2.45
GB,80,15,2.45
GB,80,16,3.09
GB,80,17,3.09
GB,80,18,3.09
GB,80,19,3.09
GB,80,20,3.09
GB,80,21,3.29
GB,80,22,3.29
GB,80,23,3.29
GB,80,24,3.29
GB,80,25,3.29
GB,80,26,3.51
GB,80,27,3.51
GB,80,28,3.51
GB,80,29,3.51
GB,80,30,3.51
GB,80,31,3.73
GB,80,32,3.73
GB,80,33,3.73
GB,80,34,3.73
GB,80,35,3.73
GB,80,36,3.73
GB,80,37,3.73
GB,80,38,3.73
GB,80,39,3.73
GB,80,40,3.73
GB,80,41,3.73
GB,80,42,3.73
GB,80,43,3.73
GB,80,44,3.73
GB,80,45,3.73
GB,90,1,1.07
GB,90,2,1.07
GB,90,3,1.07
GB,90,4,1.49
GB,90,5,1.49
GB,90,6,1.49
GB,90,7,1.8
GB,90,8,1.8
GB,90,9,1.8
GB,90,10,1.8
GB,90,11,2.45
GB,90,12,2.45
GB,90,13,2.45
GB,90,14,2.45
GB,90,15,2.45
GB,90,16,3.09
GB,90,17,3.09
GB,90,18,3.09
GB,90,19,3.09
GB,90,20,3.09
GB,90,21,3.29
GB,90,22,3.29
GB,90,23,3.29
GB,90,24,3.29
GB,90,25,3.29
GB,90,26,3.51
GB,90,27,3.51
GB,90,28,3.51
GB,90,29,3.51
GB,90,30,3.51
GB,90,31,3.73
GB,90,32,3.73
GB,90,33,3.73
GB,90,34,3.73
GB,90,35,3.73
GB,90,36,3.73
GB,90,37,3.73
GB,90,38,3.73
GB,90,39,3.73
GB,90,40,3.73
GB,90,41,3.73
GB,90,42,3.73
GB,90,43,3.73
GB,90,44,3.73
GB,90,45,3.73
GB,100,1,1.07
GB,100,2,1.07
GB,100,3,1.07
GB,100,4,1.49
GB,100,5,1.49
GB,100,6,1.49
GB,100,7,1.8
GB,100,8,1.8
GB,100,9,1.8
GB,100,10,1.8
GB,100,11,2.45
GB,100,12,2.45
GB,100,13,2.45
GB,100,14,2.45
GB,100,15,2.45
GB,100,16,3.09
GB,100,17,3.09
GB,100,18,3.09
GB,100,19,3.09
GB,100,20,3.09
GB,100,21,3.29
GB,100,22,3.29
GB,100,23,3.29
GB,100,24,3.29
GB,100,25,3.29
GB,100,26,3.51
GB,100,27,3.51
GB,100,28,3.51
GB,100,29,3.51
GB,100,30,3.51
GB,100,31,3.73
GB,100,32,3.73
GB,100,33,3.73
GB,100,34,3.73
GB,100,35,3.73
GB,100,36,3.73
GB,100,37,3.73
GB,100,38,3.73
GB,100,39,3.73
GB,100,40,3.73
GB,100,41,3.73
GB,100,42,3.73
GB,100,43,3.73
GB,100,44,3.73
GB,100,45,3.73
DE,10,1,4.49
DE,10,2,4.49
DE,10,3,4.49
DE,10,4,5.43
DE,10,5,5.43
DE,10,6,5.43
DE,10,7,6.37
DE,10,8,6.37
DE,10,9,6.37
DE,10,10,6.37
DE,10,11,8.02
DE,10,12,8.02
DE,10,13,8.02
DE,10,14,8.02
DE,10,15,8.02
DE,10,16,8.86
DE,10,17,8.86
DE,10,18,8.86
DE,10,19,8.86
DE,10,20,8.86
DE,10,21,8.97
DE,10,22,8.97
DE,10,23,8.97
DE,10,24,8.97
DE,10,25,8.97
DE,10,26,9.57
DE,10,27,9.57
DE,10,28,9.57
DE,10,29,9.57
DE,10,30,9.57
DE,10,31,10.27
DE,10,32,10.27
DE,10,33,10.27
DE,10,34,10.27
DE,10,35,10.27
DE,10,36,10.27
DE,10,37,10.27
DE,10,38,10.27
DE,10,39,10.27
DE,10,40,10.27
DE,10,41,10.27
DE,10,42,10.27
DE,10,43,10.27
DE,10,44,10.27
DE,10,45,10.27
DE,20,1,3.3
DE,20,2,3.3
DE,20,3,3.3
DE,20,4,4.37
DE,20,5,4.37
DE,20,6,4.37
DE,20,7,5.32
DE,20,8,5.32
DE,20,9,5.32
DE,20,10,5.32
DE,20,11,6.61
DE,20,12,6.61
DE,20,13,6.61
DE,20,14,6.61
DE,20,15,6.61
DE,20,16,7.32
DE,20,17,7.32
DE,20,18,7.32
DE,20,19,7.32
DE,20,20,7.32
DE,20,21,7.43
DE,20,22,7.43
DE,20,23,7.43
DE,20,24,7.43
DE,20,25,7.43
DE,20,26,7.91
DE,20,27,7.91
DE,20,28,7.91
DE,20,29,7.91
DE,20,30,7.91
DE,20,31,8.86
DE,20,32,8.86
DE,20,33,8.86
DE,20,34,8.86
DE,20,35,8.86
DE,20,36,8.86
DE,20,37,8.86
DE,20,38,8.86
DE,20,39,8.86
DE,20,40,8.86
DE,20,41,8.86
DE,20,42,8.86
DE,20,43,8.86
DE,20,44,8.86
DE,20,45,8.86
DE,30,1,2.84
DE,30,2,2.84
DE,30,3,2.84
DE,30,4,3.54
DE,30,5,3.54
DE,30,6,3.54
DE,30,7,4.96
DE,30,8,4.96
DE,30,9,4.96
DE,30,10,4.96
DE,30,11,6.37
DE,30,12,6.37
DE,30,13,6.37
DE,30,14,6.37
DE,30,15,6.37
DE,30,16,6.85
DE,30,17,6.85
DE,30,18,6.85
DE,30,19,6.85
DE,30,20,6.85
DE,30,21,6.97
DE,30,22,6.97
DE,30,23,6.97
DE,30,24,6.97
DE,30,25,6.97
DE,30,26,7.09
DE,30,27,7.09
DE,30,28,7.09
DE,30,29,7.09
DE,30,30,7.09
DE,30,31,7.91
DE,30,32,7.91
DE,30,33,7.91
DE,30,34,7.91
DE,30,35,7.91
DE,30,36,7.91
DE,30,37,7.91
DE,30,38,7.91
DE,30,39,7.91
DE,30,40,7.91
DE,30,41,7.91
DE,30,42,7.91
DE,30,43,7.91
DE,30,44,7.91
DE,30,45,7.91
DE,40,1,2.36
DE,40,2,2.36
DE,40,3,2.36
DE,40,4,2.84
DE,40,5,2.84
DE,40,6,2.84
DE,40,7,3.89
DE,40,8,3.89
DE,40,9,3.89
DE,40,10,3.89
DE,40,11,4.96
DE,40,12,4.96
DE,40,13,4.96
DE,40,14,4.96
DE,40,15,4.96
DE,40,16,5.54
DE,40,17,5.54
DE,40,18,5.54
DE,40,19,5.54
DE,40,20,5.54
DE,40,21,5.66
DE,40,22,5.66
DE,40,23,5.66
DE,40,24,5.66
DE,40,25,5.66
DE,40,26,5.78
DE,40,27,5.78
DE,40,28,5.78
DE,40,29,5.78
DE,40,30,5.78
DE,40,31,6.49
DE,40,32,6.49
DE,40,33,6.49
DE,40,34,6.49
DE,40,35,6.49
DE,40,36,6.49
DE,40,37,6.49
DE,40,38,6.49
DE,40,39,6.49
DE,40,40,6.49
DE,40,41,6.49
DE,40,42,6.49
DE,40,43,6.49
DE,40,44,6.49
DE,40,45,6.49
DE,50,1,2.36
DE,50,2,2.36
DE,50,3,2.36
DE,50,4,2.84
DE,50,6,2.84
DE,50,7,3.89
DE,50,8,3.89
DE,50,9,3.89
DE,50,10,3.89
DE,50,11,4.96
DE,50,12,4.96
DE,50,13,4.96
DE,50,14,4.96
DE,50,15,4.96
DE,50,16,5.54
DE,50,17,5.54
DE,50,18,5.54
DE,50,20,5.54
DE,50,21,5.66
DE,50,22,5.66
DE,50,23,5.66
DE,50,24,5.66
DE,50,25,5.66
DE,50,26,5.78
DE,50,27,5.78
DE,50,28,5.78
DE,50,29,5.78
DE,50,30,5.78
DE,50,31,6.49
DE,50,32,6.49
DE,50,33,6.49
DE,50,34,6.49
DE,50,35,6.49
DE,50,36,6.49
DE,50,37,6.49
DE,50,38,6.49
DE,50,39,6.49
DE,50,40,6.49
DE,50,41,6.49
DE,50,42,6.49
DE,50,43,6.49
DE,50,44,6.49
DE,50,45,6.49
DE,60,1,1.65
DE,60,2,1.65
DE,60,3,1.65
DE,60,4,2.36
DE,60,5,2.36
DE,60,6,2.36
DE,60,7,3.07
DE,60,8,3.07
DE,60,9,3.07
DE,60,10,3.07
DE,60,11,3.89
DE,60,12,3.89
DE,60,13,3.89
DE,60,14,3.89
DE,60,15,3.89
DE,60,16,4.37
DE,60,17,4.37
DE,60,18,4.37
DE,60,19,4.37
DE,60,20,4.37
DE,60,21,4.61
DE,60,22,4.61
DE,60,23,4.61
DE,60,24,4.61
DE,60,25,4.61
DE,60,26,4.84
DE,60,27,4.84
DE,60,28,4.84
DE,60,29,4.84
DE,60,30,4.84
DE,60,31,5.08
DE,60,32,5.08
DE,60,33,5.08
DE,60,34,5.08
DE,60,35,5.08
DE,60,36,5.08
DE,60,37,5.08
DE,60,38,5.08
DE,60,39,5.08
DE,60,40,5.08
DE,60,41,5.08
DE,60,42,5.08
DE,60,43,5.08
DE,60,44,5.08
DE,60,45,5.08
DE,70,1,1.65
DE,70,2,1.65
DE,70,3,1.65
DE,70,4,2.36
DE,70,5,2.36
DE,70,6,2.36
DE,70,7,3.07
DE,70,8,3.07
DE,70,9,3.07
DE,70,10,3.07
DE,70,11,3.89
DE,70,12,3.89
DE,70,13,3.89
DE,70,14,3.89
DE,70,15,3.89
DE,70,16,4.37
DE,70,18,4.37
DE,70,19,4.37
DE,70,20,4.37
DE,70,21,4.61
DE,70,22,4.61
DE,70,23,4.61
DE,70,24,4.61
DE,70,25,4.61
DE,70,26,4.84
DE,70,28,4.84
DE,70,29,4.84
DE,70,30,4.84
DE,70,31,5.08
DE,70,32,5.08
DE,70,33,5.08
DE,70,34,5.08
DE,70,35,5.08
DE,70,36,5.08
DE,70,37,5.08
DE,70,38,5.08
DE,70,39,5.08
DE,70,40,5.08
DE,70,41,5.08
DE,70,42,5.08
DE,70,43,5.08
DE,70,44,5.08
DE,70,45,5.08
DE,80,1,1.18
DE,80,2,1.18
DE,80,3,1.18
DE,80,4,1.65
DE,80,5,1.65
DE,80,6,1.65
DE,80,7,2.01
DE,80,8,2.01
DE,80,9,2.01
DE,80,10,2.01
DE,80,11,2.72
DE,80,12,2.72
DE,80,13,2.72
DE,80,14,2.72
DE,80,15,2.72
DE,80,16,3.42
DE,80,17,3.42
DE,80,18,3.42
DE,80,19,3.42
DE,80,20,3.42
DE,80,21,3.66
DE,80,22,3.66
DE,80,23,3.66
DE,80,24,3.66
DE,80,25,3.66
DE,80,26,3.89
DE,80,27,3.89
DE,80,28,3.89
DE,80,29,3.89
DE,80,30,3.89
DE,80,31,4.13
DE,80,32,4.13
DE,80,33,4.13
DE,80,34,4.13
DE,80,35,4.13
DE,80,36,4.13
DE,80,37,4.13
DE,80,38,4.13
DE,80,39,4.13
DE,80,40,4.13
DE,80,41,4.13
DE,80,42,4.13
DE,80,43,4.13
DE,80,44,4.13
DE,80,45,4.13
DE,90,1,1.18
DE,90,2,1.18
DE,90,3,1.18
DE,90,4,1.65
DE,90,5,1.65
DE,90,6,1.65
DE,90,7,2.01
DE,90,8,2.01
DE,90,9,2.01
DE,90,10,2.01
DE,90,11,2.72
DE,90,12,2.72
DE,90,13,2.72
DE,90,14,2.72
DE,90,15,2.72
DE,90,16,3.42
DE,90,17,3.42
DE,90,18,3.42
DE,90,19,3.42
DE,90,20,3.42
DE,90,21,3.66
DE,90,22,3.66
DE,90,23,3.66
DE,90,24,3.66
DE,90,25,3.66
DE,90,26,3.89
DE,90,27,3.89
DE,90,28,3.89
DE,90,29,3.89
DE,90,30,3.89
DE,90,31,4.13
DE,90,32,4.13
DE,90,33,4.13
DE,90,34,4.13
DE,90,35,4.13
DE,90,36,4.13
DE,90,37,4.13
DE,90,38,4.13
DE,90,39,4.13
DE,90,40,4.13
DE,90,41,4.13
DE,90,42,4.13
DE,90,43,4.13
DE,90,44,4.13
DE,90,45,4.13
DE,100,1,1.18
DE,100,2,1.18
DE,100,3,1.18
DE,100,4,1.65
DE,100,5,1.65
DE,100,6,1.65
DE,100,7,2.01
DE,100,8,2.01
DE,100,9,2.01
DE,100,10,2.01
DE,100,11,2.72
DE,100,12,2.72
DE,100,13,2.72
DE,100,14,2.72
DE,100,15,2.72
DE,100,16,3.42
DE,100,17,3.42
DE,100,18,3.42
DE,100,19,3.42
DE,100,20,3.42
DE,100,21,3.66
DE,100,22,3.66
DE,100,23,3.66
DE,100,24,3.66
DE,100,25,3.66
DE,100,26,3.89
DE,100,27,3.89
DE,100,28,3.89
DE,100,29,3.89
DE,100,30,3.89
DE,100,31,4.13
DE,100,32,4.13
DE,100,33,4.13
DE,100,34,4.13
DE,100,35,4.13
DE,100,36,4.13
DE,100,37,4.13
DE,100,38,4.13
DE,100,39,4.13
DE,100,40,4.13
DE,100,41,4.13
DE,100,42,4.13
DE,100,43,4.13
DE,100,44,4.13
DE,100,45,4.13
FR,10,1,3.85
FR,10,2,3.85
FR,10,3,3.85
FR,10,4,4.66
FR,10,5,4.66
FR,10,6,4.66
FR,10,7,5.48
FR,10,8,5.48
FR,10,9,5.48
FR,10,10,5.48
FR,10,11,6.89
FR,10,12,6.89
FR,10,13,6.89
FR,10,14,6.89
FR,10,15,6.89
FR,10,16,7.61
FR,10,17,7.61
FR,10,18,7.61
FR,10,19,7.61
FR,10,20,7.61
FR,10,21,7.71
FR,10,22,7.71
FR,10,23,7.71
FR,10,24,7.71
FR,10,25,7.71
FR,10,26,8.22
FR,10,27,8.22
FR,10,28,8.22
FR,10,29,8.22
FR,10,30,8.22
FR,10,31,8.83
FR,10,32,8.83
FR,10,33,8.83
FR,10,34,8.83
FR,10,35,8.83
FR,10,36,8.83
FR,10,37,8.83
FR,10,38,8.83
FR,10,39,8.83
FR,10,40,8.83
FR,10,41,8.83
FR,10,42,8.83
FR,10,43,8.83
FR,10,44,8.83
FR,10,45,8.83
FR,20,1,2.84
FR,20,2,2.84
FR,20,3,2.84
FR,20,4,3.75
FR,20,5,3.75
FR,20,6,3.75
FR,20,7,4.57
FR,20,8,4.57
FR,20,9,4.57
FR,20,10,4.57
FR,20,11,5.67
FR,20,12,5.67
FR,20,13,5.67
FR,20,14,5.67
FR,20,15,5.67
FR,20,16,6.28
FR,20,17,6.28
FR,20,18,6.28
FR,20,19,6.28
FR,20,20,6.28
FR,20,21,6.39
FR,20,22,6.39
FR,20,23,6.39
FR,20,24,6.39
FR,20,25,6.39
FR,20,26,6.79
FR,20,27,6.79
FR,20,28,6.79
FR,20,29,6.79
FR,20,30,6.79
FR,20,31,7.61
FR,20,32,7.61
FR,20,33,7.61
FR,20,34,7.61
FR,20,35,7.61
FR,20,36,7.61
FR,20,37,7.61
FR,20,38,7.61
FR,20,39,7.61
FR,20,40,7.61
FR,20,41,7.61
FR,20,42,7.61
FR,20,43,7.61
FR,20,44,7.61
FR,20,45,7.61
FR,30,1,2.43
FR,30,2,2.43
FR,30,3,2.43
FR,30,4,3.04
FR,30,5,3.04
FR,30,6,3.04
FR,30,7,4.26
FR,30,8,4.26
FR,30,9,4.26
FR,30,10,4.26
FR,30,11,5.48
FR,30,12,5.48
FR,30,13,5.48
FR,30,14,5.48
FR,30,15,5.48
FR,30,16,5.88
FR,30,17,5.88
FR,30,18,5.88
FR,30,19,5.88
FR,30,20,5.88
FR,30,21,5.98
FR,30,22,5.98
FR,30,23,5.98
FR,30,24,5.98
FR,30,25,5.98
FR,30,26,6.09
FR,30,27,6.09
FR,30,28,6.09
FR,30,29,6.09
FR,30,30,6.09
FR,30,31,6.79
FR,30,32,6.79
FR,30,33,6.79
FR,30,34,6.79
FR,30,35,6.79
FR,30,36,6.79
FR,30,37,6.79
FR,30,38,6.79
FR,30,39,6.79
FR,30,40,6.79
FR,30,41,6.79
FR,30,42,6.79
FR,30,43,6.79
FR,30,44,6.79
FR,30,45,6.79
FR,40,1,2.03
FR,40,2,2.03
FR,40,3,2.03
FR,40,4,2.43
FR,40,5,2.43
FR,40,6,2.43
FR,40,7,3.35
FR,40,8,3.35
FR,40,9,3.35
FR,40,10,3.35
FR,40,11,4.26
FR,40,12,4.26
FR,40,13,4.26
FR,40,14,4.26
FR,40,15,4.26
FR,40,16,4.76
FR,40,17,4.76
FR,40,18,4.76
FR,40,19,4.76
FR,40,20,4.76
FR,40,21,4.87
FR,40,22,4.87
FR,40,23,4.87
FR,40,24,4.87
FR,40,25,4.87
FR,40,26,4.97
FR,40,27,4.97
FR,40,28,4.97
FR,40,29,4.97
FR,40,30,4.97
FR,40,31,5.58
FR,40,32,5.58
FR,40,33,5.58
FR,40,34,5.58
FR,40,35,5.58
FR,40,36,5.58
FR,40,37,5.58
FR,40,38,5.58
FR,40,39,5.58
FR,40,40,5.58
FR,40,41,5.58
FR,40,42,5.58
FR,40,43,5.58
FR,40,44,5.58
FR,40,45,5.58
FR,50,1,2.03
FR,50,2,2.03
FR,50,3,2.03
FR,50,4,2.43
FR,50,5,2.43
FR,50,6,2.43
FR,50,7,3.35
FR,50,8,3.35
FR,50,9,3.35
FR,50,10,3.35
FR,50,11,4.26
FR,50,12,4.26
FR,50,13,4.26
FR,50,14,4.26
FR,50,15,4.26
FR,50,16,4.76
FR,50,17,4.76
FR,50,18,4.76
FR,50,19,4.76
FR,50,20,4.76
FR,50,21,4.87
FR,50,22,4.87
FR,50,23,4.87
FR,50,24,4.87
FR,50,25,4.87
FR,50,26,4.97
FR,50,27,4.97
FR,50,28,4.97
FR,50,29,4.97
FR,50,30,4.97
FR,50,31,5.58
FR,50,32,5.58
FR,50,33,5.58
FR,50,34,5.58
FR,50,35,5.58
FR,50,36,5.58
FR,50,37,5.58
FR,50,38,5.58
FR,50,39,5.58
FR,50,40,5.58
FR,50,41,5.58
FR,50,42,5.58
FR,50,43,5.58
FR,50,44,5.58
FR,50,45,5.58
FR,60,1,1.42
FR,60,2,1.42
FR,60,3,1.42
FR,60,4,2.03
FR,60,5,2.03
FR,60,6,2.03
FR,60,7,2.64
FR,60,8,2.64
FR,60,9,2.64
FR,60,10,2.64
FR,60,11,3.35
FR,60,12,3.35
FR,60,13,3.35
FR,60,14,3.35
FR,60,15,3.35
FR,60,16,3.75
FR,60,17,3.75
FR,60,18,3.75
FR,60,19,3.75
FR,60,20,3.75
FR,60,21,3.96
FR,60,22,3.96
FR,60,23,3.96
FR,60,24,3.96
FR,60,25,3.96
FR,60,26,4.15
FR,60,27,4.15
FR,60,28,4.15
FR,60,29,4.15
FR,60,30,4.15
FR,60,31,4.36
FR,60,32,4.36
FR,60,33,4.36
FR,60,34,4.36
FR,60,35,4.36
FR,60,36,4.36
FR,60,37,4.36
FR,60,38,4.36
FR,60,39,4.36
FR,60,40,4.36
FR,60,41,4.36
FR,60,42,4.36
FR,60,43,4.36
FR,60,44,4.36
FR,60,45,4.36
FR,70,1,1.42
FR,70,2,1.42
FR,70,3,1.42
FR,70,4,2.03
FR,70,5,2.03
FR,70,6,2.03
FR,70,7,2.64
FR,70,8,2.64
FR,70,9,2.64
FR,70,10,2.64
FR,70,11,3.35
FR,70,12,3.35
FR,70,13,3.35
FR,70,14,3.35
FR,70,15,3.35
FR,70,16,3.75
FR,70,17,3.75
FR,70,18,3.75
FR,70,19,3.75
FR,70,20,3.75
FR,70,21,3.96
FR,70,22,3.96
FR,70,23,3.96
FR,70,24,3.96
FR,70,25,3.96
FR,70,26,4.15
FR,70,27,4.15
FR,70,28,4.15
FR,70,29,4.15
FR,70,30,4.15
FR,70,31,4.36
FR,70,32,4.36
FR,70,33,4.36
FR,70,34,4.36
FR,70,35,4.36
FR,70,36,4.36
FR,70,37,4.36
FR,70,38,4.36
FR,70,39,4.36
FR,70,40,4.36
FR,70,41,4.36
FR,70,42,4.36
FR,70,43,4.36
FR,70,44,4.36
FR,70,45,4.36
FR,80,1,1.01
FR,80,2,1.01
FR,80,3,1.01
FR,80,4,1.42
FR,80,5,1.42
FR,80,6,1.42
FR,80,7,1.73
FR,80,8,1.73
FR,80,9,1.73
FR,80,10,1.73
FR,80,11,2.34
FR,80,12,2.34
FR,80,13,2.34
FR,80,14,2.34
FR,80,15,2.34
FR,80,16,2.95
FR,80,17,2.95
FR,80,18,2.95
FR,80,19,2.95
FR,80,20,2.95
FR,80,21,3.14
FR,80,22,3.14
FR,80,23,3.14
FR,80,24,3.14
FR,80,25,3.14
FR,80,26,3.35
FR,80,27,3.35
FR,80,28,3.35
FR,80,29,3.35
FR,80,30,3.35
FR,80,31,3.54
FR,80,32,3.54
FR,80,33,3.54
FR,80,34,3.54
FR,80,35,3.54
FR,80,36,3.54
FR,80,37,3.54
FR,80,38,3.54
FR,80,39,3.54
FR,80,40,3.54
FR,80,41,3.54
FR,80,42,3.54
FR,80,43,3.54
FR,80,44,3.54
FR,80,45,3.54
FR,90,1,1.01
FR,90,2,1.01
FR,90,3,1.01
FR,90,4,1.42
FR,90,5,1.42
FR,90,6,1.42
FR,90,7,1.73
FR,90,8,1.73
FR,90,9,1.73
FR,90,10,1.73
FR,90,11,2.34
FR,90,12,2.34
FR,90,13,2.34
FR,90,14,2.34
FR,90,15,2.34
FR,90,16,2.95
FR,90,17,2.95
FR,90,18,2.95
FR,90,19,2.95
FR,90,20,2.95
FR,90,21,3.14
FR,90,22,3.14
FR,90,23,3.14
FR,90,24,3.14
FR,90,25,3.14
FR,90,26,3.35
FR,90,27,3.35
FR,90,28,3.35
FR,90,29,3.35
FR,90,30,3.35
FR,90,31,3.54
FR,90,32,3.54
FR,90,33,3.54
FR,90,34,3.54
FR,90,35,3.54
FR,90,36,3.54
FR,90,37,3.54
FR,90,38,3.54
FR,90,39,3.54
FR,90,40,3.54
FR,90,41,3.54
FR,90,42,3.54
FR,90,43,3.54
FR,90,44,3.54
FR,90,45,3.54
FR,100,1,1.01
FR,100,2,1.01
FR,100,3,1.01
FR,100,4,1.42
FR,100,5,1.42
FR,100,6,1.42
FR,100,7,1.73
FR,100,8,1.73
FR,100,9,1.73
FR,100,10,1.73
FR,100,11,2.34
FR,100,12,2.34
FR,100,13,2.34
FR,100,14,2.34
FR,100,15,2.34
FR,100,16,2.95
FR,100,17,2.95
FR,100,18,2.95
FR,100,19,2.95
FR,100,20,2.95
FR,100,21,3.14
FR,100,22,3.14
FR,100,23,3.14
FR,100,24,3.14
FR,100,25,3.14
FR,100,26,3.35
FR,100,27,3.35
FR,100,28,3.35
FR,100,29,3.35
FR,100,30,3.35
FR,100,31,3.54
FR,100,32,3.54
FR,100,33,3.54
FR,100,34,3.54
FR,100,35,3.54
FR,100,36,3.54
FR,100,37,3.54
FR,100,38,3.54
FR,100,39,3.54
FR,100,40,3.54
FR,100,41,3.54
FR,100,42,3.54
FR,100,43,3.54
FR,100,44,3.54
FR,100,45,3.54
ES,10,1,3.88
ES,10,2,3.88
ES,10,3,3.88
ES,10,4,4.71
ES,10,5,4.71
ES,10,6,4.71
ES,10,7,5.52
ES,10,8,5.52
ES,10,9,5.52
ES,10,10,5.52
ES,10,11,6.95
ES,10,12,6.95
ES,10,13,6.95
ES,10,14,6.95
ES,10,15,6.95
ES,10,16,7.66
ES,10,17,7.66
ES,10,18,7.66
ES,10,19,7.66
ES,10,20,7.66
ES,10,21,7.77
ES,10,22,7.77
ES,10,23,7.77
ES,10,24,7.77
ES,10,25,7.77
ES,10,26,8.28
ES,10,27,8.28
ES,10,28,8.28
ES,10,29,8.28
ES,10,30,8.28
ES,10,31,8.89
ES,10,32,8.89
ES,10,33,8.89
ES,10,34,8.89
ES,10,35,8.89
ES,10,36,8.89
ES,10,37,8.89
ES,10,38,8.89
ES,10,39,8.89
ES,10,40,8.89
ES,10,41,8.89
ES,10,42,8.89
ES,10,43,8.89
ES,10,44,8.89
ES,10,45,8.89
ES,20,1,2.86
ES,20,2,2.86
ES,20,3,2.86
ES,20,4,3.78
ES,20,5,3.78
ES,20,6,3.78
ES,20,7,4.6
ES,20,8,4.6
ES,20,9,4.6
ES,20,10,4.6
ES,20,11,5.73
ES,20,12,5.73
ES,20,13,5.73
ES,20,14,5.73
ES,20,15,5.73
ES,20,16,6.34
ES,20,17,6.34
ES,20,18,6.34
ES,20,19,6.34
ES,20,20,6.34
ES,20,21,6.43
ES,20,22,6.43
ES,20,23,6.43
ES,20,24,6.43
ES,20,25,6.43
ES,20,26,6.85
ES,20,27,6.85
ES,20,28,6.85
ES,20,29,6.85
ES,20,30,6.85
ES,20,31,7.66
ES,20,32,7.66
ES,20,33,7.66
ES,20,34,7.66
ES,20,35,7.66
ES,20,36,7.66
ES,20,37,7.66
ES,20,38,7.66
ES,20,39,7.66
ES,20,40,7.66
ES,20,41,7.66
ES,20,42,7.66
ES,20,43,7.66
ES,20,44,7.66
ES,20,45,7.66
ES,30,1,2.46
ES,30,2,2.46
ES,30,3,2.46
ES,30,4,3.07
ES,30,5,3.07
ES,30,6,3.07
ES,30,7,4.29
ES,30,8,4.29
ES,30,9,4.29
ES,30,10,4.29
ES,30,11,5.52
ES,30,12,5.52
ES,30,13,5.52
ES,30,14,5.52
ES,30,15,5.52
ES,30,16,5.92
ES,30,17,5.92
ES,30,18,5.92
ES,30,19,5.92
ES,30,20,5.92
ES,30,21,6.03
ES,30,22,6.03
ES,30,23,6.03
ES,30,24,6.03
ES,30,25,6.03
ES,30,26,6.13
ES,30,27,6.13
ES,30,28,6.13
ES,30,29,6.13
ES,30,30,6.13
ES,30,31,6.85
ES,30,32,6.85
ES,30,33,6.85
ES,30,34,6.85
ES,30,35,6.85
ES,30,36,6.85
ES,30,37,6.85
ES,30,38,6.85
ES,30,39,6.85
ES,30,40,6.85
ES,30,41,6.85
ES,30,42,6.85
ES,30,43,6.85
ES,30,44,6.85
ES,30,45,6.85
ES,40,1,2.04
ES,40,2,2.04
ES,40,3,2.04
ES,40,4,2.46
ES,40,5,2.46
ES,40,6,2.46
ES,40,7,3.37
ES,40,8,3.37
ES,40,9,3.37
ES,40,10,3.37
ES,40,11,4.29
ES,40,12,4.29
ES,40,13,4.29
ES,40,14,4.29
ES,40,15,4.29
ES,40,16,4.8
ES,40,17,4.8
ES,40,18,4.8
ES,40,19,4.8
ES,40,20,4.8
ES,40,21,4.9
ES,40,22,4.9
ES,40,23,4.9
ES,40,24,4.9
ES,40,25,4.9
ES,40,26,5.01
ES,40,27,5.01
ES,40,28,5.01
ES,40,29,5.01
ES,40,30,5.01
ES,40,31,5.62
ES,40,32,5.62
ES,40,33,5.62
ES,40,34,5.62
ES,40,35,5.62
ES,40,36,5.62
ES,40,37,5.62
ES,40,38,5.62
ES,40,39,5.62
ES,40,40,5.62
ES,40,41,5.62
ES,40,42,5.62
ES,40,43,5.62
ES,40,44,5.62
ES,40,45,5.62
ES,50,1,2.04
ES,50,2,2.04
ES,50,3,2.04
ES,50,4,2.46
ES,50,5,2.46
ES,50,6,2.46
ES,50,7,3.37
ES,50,8,3.37
ES,50,9,3.37
ES,50,10,3.37
ES,50,11,4.29
ES,50,12,4.29
ES,50,13,4.29
ES,50,14,4.29
ES,50,15,4.29
ES,50,16,4.8
ES,50,17,4.8
ES,50,18,4.8
ES,50,19,4.8
ES,50,20,4.8
ES,50,21,4.9
ES,50,22,4.9
ES,50,23,4.9
ES,50,24,4.9
ES,50,25,4.9
ES,50,26,5.01
ES,50,27,5.01
ES,50,28,5.01
ES,50,29,5.01
ES,50,30,5.01
ES,50,31,5.62
ES,50,32,5.62
ES,50,33,5.62
ES,50,34,5.62
ES,50,35,5.62
ES,50,36,5.62
ES,50,37,5.62
ES,50,38,5.62
ES,50,39,5.62
ES,50,40,5.62
ES,50,41,5.62
ES,50,42,5.62
ES,50,43,5.62
ES,50,44,5.62
ES,50,45,5.62
ES,60,1,1.43
ES,60,2,1.43
ES,60,3,1.43
ES,60,4,2.04
ES,60,5,2.04
ES,60,6,2.04
ES,60,7,2.65
ES,60,8,2.65
ES,60,9,2.65
ES,60,10,2.65
ES,60,11,3.37
ES,60,12,3.37
ES,60,13,3.37
ES,60,14,3.37
ES,60,15,3.37
ES,60,16,3.78
ES,60,17,3.78
ES,60,18,3.78
ES,60,19,3.78
ES,60,20,3.78
ES,60,21,3.99
ES,60,22,3.99
ES,60,23,3.99
ES,60,24,3.99
ES,60,25,3.99
ES,60,26,4.2
ES,60,27,4.2
ES,60,28,4.2
ES,60,29,4.2
ES,60,30,4.2
ES,60,31,4.39
ES,60,32,4.39
ES,60,33,4.39
ES,60,34,4.39
ES,60,35,4.39
ES,60,36,4.39
ES,60,37,4.39
ES,60,38,4.39
ES,60,39,4.39
ES,60,40,4.39
ES,60,41,4.39
ES,60,42,4.39
ES,60,43,4.39
ES,60,44,4.39
ES,60,45,4.39
ES,70,1,1.43
ES,70,2,1.43
ES,70,3,1.43
ES,70,4,2.04
ES,70,5,2.04
ES,70,6,2.04
ES,70,7,2.65
ES,70,8,2.65
ES,70,9,2.65
ES,70,10,2.65
ES,70,11,3.37
ES,70,12,3.37
ES,70,13,3.37
ES,70,14,3.37
ES,70,15,3.37
ES,70,16,3.78
ES,70,17,3.78
ES,70,18,3.78
ES,70,19,3.78
ES,70,20,3.78
ES,70,21,3.99
ES,70,22,3.99
ES,70,23,3.99
ES,70,24,3.99
ES,70,25,3.99
ES,70,26,4.2
ES,70,27,4.2
ES,70,28,4.2
ES,70,29,4.2
ES,70,30,4.2
ES,70,31,4.39
ES,70,32,4.39
ES,70,33,4.39
ES,70,34,4.39
ES,70,35,4.39
ES,70,36,4.39
ES,70,37,4.39
ES,70,38,4.39
ES,70,39,4.39
ES,70,40,4.39
ES,70,41,4.39
ES,70,42,4.39
ES,70,43,4.39
ES,70,44,4.39
ES,70,45,4.39
ES,80,1,1.02
ES,80,2,1.02
ES,80,3,1.02
ES,80,4,1.43
ES,80,5,1.43
ES,80,6,1.43
ES,80,7,1.74
ES,80,8,1.74
ES,80,10,1.74
ES,80,11,2.35
ES,80,12,2.35
ES,80,13,2.35
ES,80,14,2.35
ES,80,15,2.35
ES,80,16,2.97
ES,80,17,2.97
ES,80,18,2.97
ES,80,19,2.97
ES,80,20,2.97
ES,80,21,3.17
ES,80,22,3.17
ES,80,23,3.17
ES,80,24,3.17
ES,80,25,3.17
ES,80,26,3.37
ES,80,27,3.37
ES,80,28,3.37
ES,80,29,3.37
ES,80,30,3.37
ES,80,31,3.58
ES,80,32,3.58
ES,80,33,3.58
ES,80,34,3.58
ES,80,35,3.58
ES,80,36,3.58
ES,80,37,3.58
ES,80,38,3.58
ES,80,39,3.58
ES,80,40,3.58
ES,80,41,3.58
ES,80,42,3.58
ES,80,43,3.58
ES,80,44,3.58
ES,80,45,3.58
ES,90,1,1.02
ES,90,2,1.02
ES,90,3,1.02
ES,90,4,1.43
ES,90,5,1.43
ES,90,6,1.43
ES,90,7,1.74
ES,90,8,1.74
ES,90,9,1.74
ES,90,10,1.74
ES,90,11,2.35
ES,90,12,2.35
ES,90,13,2.35
ES,90,14,2.35
ES,90,15,2.35
ES,90,16,2.97
ES,90,17,2.97
ES,90,18,2.97
ES,90,19,2.97
ES,90,20,2.97
ES,90,21,3.17
ES,90,22,3.17
ES,90,23,3.17
ES,90,24,3.17
ES,90,25,3.17
ES,90,26,3.37
ES,90,27,3.37
ES,90,28,3.37
ES,90,29,3.37
ES,90,30,3.37
ES,90,31,3.58
ES,90,32,3.58
ES,90,33,3.58
ES,90,34,3.58
ES,90,35,3.58
ES,90,36,3.58
ES,90,37,3.58
ES,90,38,3.58
ES,90,39,3.58
ES,90,40,3.58
ES,90,41,3.58
ES,90,42,3.58
ES,90,43,3.58
ES,90,44,3.58
ES,90,45,3.58
ES,100,1,1.02
ES,100,2,1.02
ES,100,3,1.02
ES,100,4,1.43
ES,100,5,1.43
ES,100,6,1.43
ES,100,7,1.74
ES,100,8,1.74
ES,100,9,1.74
ES,100,10,1.74
ES,100,11,2.35
ES,100,12,2.35
ES,100,13,2.35
ES,100,14,2.35
ES,100,15,2.35
ES,100,16,2.97
ES,100,17,2.97
ES,100,18,2.97
ES,100,19,2.97
ES,100,20,2.97
ES,100,21,3.17
ES,100,22,3.17
ES,100,23,3.17
ES,100,24,3.17
ES,100,25,3.17
ES,100,26,3.37
ES,100,27,3.37
ES,100,28,3.37
ES,100,29,3.37
ES,100,30,3.37
ES,100,31,3.58
ES,100,32,3.58
ES,100,33,3.58
ES,100,34,3.58
ES,100,35,3.58
ES,100,36,3.58
ES,100,37,3.58
ES,100,38,3.58
ES,100,39,3.58
ES,100,40,3.58
ES,100,41,3.58
ES,100,42,3.58
ES,100,43,3.58
ES,100,44,3.58
ES,100,45,3.58
IT,10,1,3.88
IT,10,2,3.88
IT,10,3,3.88
IT,10,4,4.71
IT,10,5,4.71
IT,10,6,4.71
IT,10,7,5.52
IT,10,8,5.52
IT,10,9,5.52
IT,10,10,5.52
IT,10,11,6.95
IT,10,12,6.95
IT,10,13,6.95
IT,10,14,6.95
IT,10,15,6.95
IT,10,16,7.66
IT,10,17,7.66
IT,10,18,7.66
IT,10,19,7.66
IT,10,20,7.66
IT,10,21,7.77
IT,10,22,7.77
IT,10,23,7.77
IT,10,24,7.77
IT,10,25,7.77
IT,10,26,8.28
IT,10,27,8.28
IT,10,28,8.28
IT,10,29,8.28
IT,10,30,8.28
IT,10,31,8.89
IT,10,32,8.89
IT,10,33,8.89
IT,10,34,8.89
IT,10,35,8.89
IT,10,36,8.89
IT,10,37,8.89
IT,10,38,8.89
IT,10,39,8.89
IT,10,40,8.89
IT,10,41,8.89
IT,10,42,8.89
IT,10,43,8.89
IT,10,44,8.89
IT,10,45,8.89
IT,20,1,2.86
IT,20,2,2.86
IT,20,3,2.86
IT,20,4,3.78
IT,20,5,3.78
IT,20,6,3.78
IT,20,7,4.6
IT,20,8,4.6
IT,20,9,4.6
IT,20,10,4.6
IT,20,11,5.73
IT,20,12,5.73
IT,20,13,5.73
IT,20,14,5.73
IT,20,15,5.73
IT,20,16,6.34
IT,20,17,6.34
IT,20,18,6.34
IT,20,19,6.34
IT,20,20,6.34
IT,20,21,6.43
IT,20,22,6.43
IT,20,23,6.43
IT,20,24,6.43
IT,20,25,6.43
IT,20,26,6.85
IT,20,27,6.85
IT,20,28,6.85
IT,20,29,6.85
IT,20,30,6.85
IT,20,31,7.66
IT,20,32,7.66
IT,20,33,7.66
IT,20,34,7.66
IT,20,35,7.66
IT,20,36,7.66
IT,20,37,7.66
IT,20,38,7.66
IT,20,39,7.66
IT,20,40,7.66
IT,20,41,7.66
IT,20,42,7.66
IT,20,43,7.66
IT,20,44,7.66
IT,20,45,7.66
IT,30,1,2.46
IT,30,2,2.46
IT,30,3,2.46
IT,30,4,3.07
IT,30,5,3.07
IT,30,6,3.07
IT,30,7,4.29
IT,30,8,4.29
IT,30,9,4.29
IT,30,10,4.29
IT,30,11,5.52
IT,30,12,5.52
IT,30,13,5.52
IT,30,14,5.52
IT,30,15,5.52
IT,30,16,5.92
IT,30,17,5.92
IT,30,18,5.92
IT,30,19,5.92
IT,30,20,5.92
IT,30,21,6.03
IT,30,22,6.03
IT,30,23,6.03
IT,30,24,6.03
IT,30,25,6.03
IT,30,26,6.13
IT,30,27,6.13
IT,30,28,6.13
IT,30,29,6.13
IT,30,30,6.13
IT,30,31,6.85
IT,30,32,6.85
IT,30,33,6.85
IT,30,34,6.85
IT,30,35,6.85
IT,30,36,6.85
IT,30,37,6.85
IT,30,38,6.85
IT,30,39,6.85
IT,30,40,6.85
IT,30,41,6.85
IT,30,42,6.85
IT,30,43,6.85
IT,30,44,6.85
IT,30,45,6.85
IT,40,1,2.04
IT,40,2,2.04
IT,40,3,2.04
IT,40,4,2.46
IT,40,5,2.46
IT,40,6,2.46
IT,40,7,3.37
IT,40,8,3.37
IT,40,9,3.37
IT,40,10,3.37
IT,40,11,4.29
IT,40,12,4.29
IT,40,13,4.29
IT,40,14,4.29
IT,40,15,4.29
IT,40,16,4.8
IT,40,17,4.8
IT,40,18,4.8
IT,40,19,4.8
IT,40,20,4.8
IT,40,21,4.9
IT,40,22,4.9
IT,40,23,4.9
IT,40,24,4.9
IT,40,25,4.9
IT,40,26,5.01
IT,40,27,5.01
IT,40,28,5.01
IT,40,29,5.01
IT,40,30,5.01
IT,40,31,5.62
IT,40,32,5.62
IT,40,33,5.62
IT,40,34,5.62
IT,40,35,5.62
IT,40,36,5.62
IT,40,37,5.62
IT,40,38,5.62
IT,40,39,5.62
IT,40,40,5.62
IT,40,41,5.62
IT,40,42,5.62
IT,40,43,5.62
IT,40,44,5.62
IT,40,45,5.62
IT,50,1,2.04
IT,50,2,2.04
IT,50,3,2.04
IT,50,4,2.46
IT,50,5,2.46
IT,50,6,2.46
IT,50,7,3.37
IT,50,8,3.37
IT,50,9,3.37
IT,50,10,3.37
IT,50,11,4.29
IT,50,12,4.29
IT,50,13,4.29
IT,50,14,4.29
IT,50,15,4.29
IT,50,16,4.8
IT,50,17,4.8
IT,50,18,4.8
IT,50,19,4.8
IT,50,20,4.8
IT,50,21,4.9
IT,50,22,4.9
IT,50,23,4.9
IT,50,24,4.9
IT,50,25,4.9
IT,50,26,5.01
IT,50,27,5.01
IT,50,28,5.01
IT,50,29,5.01
IT,50,30,5.01
IT,50,31,5.62
IT,50,32,5.62
IT,50,33,5.62
IT,50,34,5.62
IT,50,35,5.62
IT,50,36,5.62
IT,50,37,5.62
IT,50,38,5.62
IT,50,39,5.62
IT,50,40,5.62
IT,50,41,5.62
IT,50,42,5.62
IT,50,43,5.62
IT,50,44,5.62
IT,50,45,5.62
IT,60,1,1.43
IT,60,2,1.43
IT,60,3,1.43
IT,60,4,2.04
IT,60,5,2.04
IT,60,6,2.04
IT,60,7,2.65
IT,60,8,2.65
IT,60,9,2.65
IT,60,10,2.65
IT,60,11,3.37
IT,60,12,3.37
IT,60,13,3.37
IT,60,14,3.37
IT,60,15,3.37
IT,60,16,3.78
IT,60,17,3.78
IT,60,18,3.78
IT,60,19,3.78
IT,60,20,3.78
IT,60,21,3.99
IT,60,22,3.99
IT,60,23,3.99
IT,60,24,3.99
IT,60,25,3.99
IT,60,26,4.2
IT,60,27,4.2
IT,60,28,4.2
IT,60,29,4.2
IT,60,30,4.2
IT,60,31,4.39
IT,60,32,4.39
IT,60,33,4.39
IT,60,34,4.39
IT,60,35,4.39
IT,60,36,4.39
IT,60,37,4.39
IT,60,38,4.39
IT,60,39,4.39
IT,60,40,4.39
IT,60,41,4.39
IT,60,42,4.39
IT,60,43,4.39
IT,60,44,4.39
IT,60,45,4.39
IT,70,1,1.43
IT,70,2,1.43
IT,70,3,1.43
IT,70,4,2.04
IT,70,5,2.04
IT,70,6,2.04
IT,70,7,2.65
IT,70,8,2.65
IT,70,9,2.65
IT,70,10,2.65
IT,70,11,3.37
IT,70,12,3.37
IT,70,13,3.37
IT,70,14,3.37
IT,70,15,3.37
IT,70,16,3.78
IT,70,17,3.78
IT,70,18,3.78
IT,70,19,3.78
IT,70,20,3.78
IT,70,21,3.99
IT,70,22,3.99
IT,70,23,3.99
IT,70,24,3.99
IT,70,25,3.99
IT,70,26,4.2
IT,70,27,4.2
IT,70,28,4.2
IT,70,29,4.2
IT,70,30,4.2
IT,70,31,4.39
IT,70,32,4.39
IT,70,33,4.39
IT,70,34,4.39
IT,70,35,4.39
IT,70,36,4.39
IT,70,37,4.39
IT,70,38,4.39
IT,70,39,4.39
IT,70,40,4.39
IT,70,41,4.39
IT,70,42,4.39
IT,70,43,4.39
IT,70,44,4.39
IT,70,45,4.39
IT,80,1,1.02
IT,80,2,1.02
IT,80,3,1.02
IT,80,4,1.43
IT,80,5,1.43
IT,80,6,1.43
IT,80,7,1.74
IT,80,8,1.74
IT,80,9,1.74
IT,80,10,1.74
IT,80,11,2.35
IT,80,12,2.35
IT,80,13,2.35
IT,80,14,2.35
IT,80,15,2.35
IT,80,16,2.97
IT,80,17,2.97
IT,80,18,2.97
IT,80,19,2.97
IT,80,20,2.97
IT,80,21,3.17
IT,80,22,3.17
IT,80,23,3.17
IT,80,24,3.17
IT,80,25,3.17
IT,80,26,3.37
IT,80,27,3.37
IT,80,28,3.37
IT,80,29,3.37
IT,80,30,3.37
IT,80,31,3.58
IT,80,32,3.58
IT,80,33,3.58
IT,80,34,3.58
IT,80,35,3.58
IT,80,36,3.58
IT,80,37,3.58
IT,80,38,3.58
IT,80,39,3.58
IT,80,40,3.58
IT,80,41,3.58
IT,80,42,3.58
IT,80,43,3.58
IT,80,44,3.58
IT,80,45,3.58
IT,90,1,1.02
IT,90,2,1.02
IT,90,3,1.02
IT,90,4,1.43
IT,90,5,1.43
IT,90,6,1.43
IT,90,7,1.74
IT,90,8,1.74
IT,90,9,1.74
IT,90,10,1.74
IT,90,11,2.35
IT,90,12,2.35
IT,90,13,2.35
IT,90,14,2.35
IT,90,15,2.35
IT,90,16,2.97
IT,90,17,2.97
IT,90,18,2.97
IT,90,19,2.97
IT,90,20,2.97
IT,90,21,3.17
IT,90,22,3.17
IT,90,23,3.17
IT,90,24,3.17
IT,90,25,3.17
IT,90,26,3.37
IT,90,27,3.37
IT,90,28,3.37
IT,90,29,3.37
IT,90,30,3.37
IT,90,31,3.58
IT,90,32,3.58
IT,90,33,3.58
IT,90,34,3.58
IT,90,35,3.58
IT,90,36,3.58
IT,90,37,3.58
IT,90,38,3.58
IT,90,39,3.58
IT,90,40,3.58
IT,90,41,3.58
IT,90,42,3.58
IT,90,43,3.58
IT,90,44,3.58
IT,90,45,3.58
IT,100,1,1.02
IT,100,2,1.02
IT,100,3,1.02
IT,100,4,1.43
IT,100,5,1.43
IT,100,6,1.43
IT,100,7,1.74
IT,100,8,1.74
IT,100,9,1.74
IT,100,10,1.74
IT,100,11,2.35
IT,100,12,2.35
IT,100,13,2.35
IT,100,14,2.35
IT,100,15,2.35
IT,100,16,2.97
IT,100,17,2.97
IT,100,18,2.97
IT,100,19,2.97
IT,100,20,2.97
IT,100,21,3.17
IT,100,22,3.17
IT,100,23,3.17
IT,100,24,3.17
IT,100,25,3.17
IT,100,26,3.37
IT,100,27,3.37
IT,100,28,3.37
IT,100,29,3.37
IT,100,30,3.37
IT,100,31,3.58
IT,100,32,3.58
IT,100,33,3.58
IT,100,34,3.58
IT,100,35,3.58
IT,100,36,3.58
IT,100,37,3.58
IT,100,38,3.58
IT,100,39,3.58
IT,100,40,3.58
IT,100,41,3.58
IT,100,42,3.58
IT,100,43,3.58
IT,100,44,3.58
IT,100,45,3.58
NL,10,1,4.08
NL,10,2,4.08
NL,10,3,4.08
NL,10,4,4.93
NL,10,5,4.93
NL,10,6,4.93
NL,10,7,5.79
NL,10,8,5.79
NL,10,9,5.79
NL,10,10,5.79
NL,10,11,7.29
NL,10,12,7.29
NL,10,13,7.29
NL,10,14,7.29
NL,10,15,7.29
NL,10,16,8.04
NL,10,17,8.04
NL,10,18,8.04
NL,10,19,8.04
NL,10,20,8.04
NL,10,21,8.15
NL,10,22,8.15
NL,10,23,8.15
NL,10,24,8.15
NL,10,25,8.15
NL,10,26,8.7
NL,10,27,8.7
NL,10,28,8.7
NL,10,29,8.7
NL,10,30,8.7
NL,10,31,9.34
NL,10,32,9.34
NL,10,33,9.34
NL,10,34,9.34
NL,10,35,9.34
NL,10,36,9.34
NL,10,37,9.34
NL,10,38,9.34
NL,10,39,9.34
NL,10,40,9.34
NL,10,41,9.34
NL,10,42,9.34
NL,10,43,9.34
NL,10,44,9.34
NL,10,45,9.34
NL,20,1,3
NL,20,2,3
NL,20,3,3
NL,20,4,3.97
NL,20,5,3.97
NL,20,6,3.97
NL,20,7,4.83
NL,20,8,4.83
NL,20,9,4.83
NL,20,10,4.83
NL,20,11,6.01
NL,20,12,6.01
NL,20,13,6.01
NL,20,14,6.01
NL,20,15,6.01
NL,20,16,6.65
NL,20,17,6.65
NL,20,18,6.65
NL,20,19,6.65
NL,20,20,6.65
NL,20,21,6.76
NL,20,22,6.76
NL,20,23,6.76
NL,20,24,6.76
NL,20,25,6.76
NL,20,26,7.2
NL,20,27,7.2
NL,20,28,7.2
NL,20,29,7.2
NL,20,30,7.2
NL,20,31,8.04
NL,20,32,8.04
NL,20,33,8.04
NL,20,34,8.04
NL,20,35,8.04
NL,20,36,8.04
NL,20,37,8.04
NL,20,38,8.04
NL,20,39,8.04
NL,20,40,8.04
NL,20,41,8.04
NL,20,42,8.04
NL,20,43,8.04
NL,20,44,8.04
NL,20,45,8.04
NL,30,1,2.58
NL,30,2,2.58
NL,30,3,2.58
NL,30,4,3.22
NL,30,5,3.22
NL,30,6,3.22
NL,30,7,4.51
NL,30,8,4.51
NL,30,9,4.51
NL,30,10,4.51
NL,30,11,5.79
NL,30,12,5.79
NL,30,13,5.79
NL,30,14,5.79
NL,30,15,5.79
NL,30,16,6.23
NL,30,17,6.23
NL,30,18,6.23
NL,30,19,6.23
NL,30,20,6.23
NL,30,21,6.34
NL,30,22,6.34
NL,30,23,6.34
NL,30,24,6.34
NL,30,25,6.34
NL,30,26,6.43
NL,30,27,6.43
NL,30,28,6.43
NL,30,29,6.43
NL,30,30,6.43
NL,30,31,7.2
NL,30,32,7.2
NL,30,33,7.2
NL,30,34,7.2
NL,30,35,7.2
NL,30,36,7.2
NL,30,37,7.2
NL,30,38,7.2
NL,30,39,7.2
NL,30,40,7.2
NL,30,41,7.2
NL,30,42,7.2
NL,30,43,7.2
NL,30,44,7.2
NL,30,45,7.2
NL,40,1,2.14
NL,40,2,2.14
NL,40,3,2.14
NL,40,4,2.58
NL,40,5,2.58
NL,40,6,2.58
NL,40,7,3.54
NL,40,8,3.54
NL,40,9,3.54
NL,40,10,3.54
NL,40,11,4.51
NL,40,12,4.51
NL,40,13,4.51
NL,40,14,4.51
NL,40,15,4.51
NL,40,16,5.04
NL,40,17,5.04
NL,40,18,5.04
NL,40,19,5.04
NL,40,20,5.04
NL,40,21,5.15
NL,40,22,5.15
NL,40,23,5.15
NL,40,24,5.15
NL,40,25,5.15
NL,40,26,5.26
NL,40,27,5.26
NL,40,28,5.26
NL,40,29,5.26
NL,40,30,5.26
NL,40,31,5.9
NL,40,32,5.9
NL,40,33,5.9
NL,40,34,5.9
NL,40,35,5.9
NL,40,36,5.9
NL,40,37,5.9
NL,40,38,5.9
NL,40,39,5.9
NL,40,40,5.9
NL,40,41,5.9
NL,40,42,5.9
NL,40,43,5.9
NL,40,44,5.9
NL,40,45,5.9
NL,50,1,2.14
NL,50,2,2.14
NL,50,3,2.14
NL,50,4,2.58
NL,50,5,2.58
NL,50,6,2.58
NL,50,7,3.54
NL,50,8,3.54
NL,50,9,3.54
NL,50,10,3.54
NL,50,11,4.51
NL,50,12,4.51
NL,50,13,4.51
NL,50,14,4.51
NL,50,15,4.51
NL,50,16,5.04
NL,50,17,5.04
NL,50,18,5.04
NL,50,19,5.04
NL,50,20,5.04
NL,50,21,5.15
NL,50,22,5.15
NL,50,23,5.15
NL,50,24,5.15
NL,50,25,5.15
NL,50,26,5.26
NL,50,27,5.26
NL,50,28,5.26
NL,50,29,5.26
NL,50,30,5.26
NL,50,31,5.9
NL,50,32,5.9
NL,50,33,5.9
NL,50,34,5.9
NL,50,35,5.9
NL,50,36,5.9
NL,50,37,5.9
NL,50,38,5.9
NL,50,39,5.9
NL,50,40,5.9
NL,50,41,5.9
NL,50,42,5.9
NL,50,43,5.9
NL,50,44,5.9
NL,50,45,5.9
NL,60,1,1.5
NL,60,2,1.5
NL,60,3,1.5
NL,60,4,2.14
NL,60,5,2.14
NL,60,6,2.14
NL,60,7,2.79
NL,60,8,2.79
NL,60,9,2.79
NL,60,10,2.79
NL,60,11,3.54
NL,60,12,3.54
NL,60,13,3.54
NL,60,14,3.54
NL,60,15,3.54
NL,60,16,3.97
NL,60,17,3.97
NL,60,18,3.97
NL,60,19,3.97
NL,60,20,3.97
NL,60,21,4.18
NL,60,22,4.18
NL,60,23,4.18
NL,60,24,4.18
NL,60,25,4.18
NL,60,26,4.4
NL,60,27,4.4
NL,60,28,4.4
NL,60,29,4.4
NL,60,30,4.4
NL,60,31,4.62
NL,60,32,4.62
NL,60,33,4.62
NL,60,34,4.62
NL,60,35,4.62
NL,60,36,4.62
NL,60,37,4.62
NL,60,38,4.62
NL,60,39,4.62
NL,60,40,4.62
NL,60,41,4.62
NL,60,42,4.62
NL,60,43,4.62
NL,60,44,4.62
NL,60,45,4.62
NL,70,1,1.5
NL,70,2,1.5
NL,70,3,1.5
NL,70,4,2.14
NL,70,5,2.14
NL,70,6,2.14
NL,70,7,2.79
NL,70,8,2.79
NL,70,9,2.79
NL,70,10,2.79
NL,70,11,3.54
NL,70,12,3.54
NL,70,13,3.54
NL,70,14,3.54
NL,70,15,3.54
NL,70,16,3.97
NL,70,17,3.97
NL,70,18,3.97
NL,70,19,3.97
NL,70,20,3.97
NL,70,21,4.18
NL,70,22,4.18
NL,70,23,4.18
NL,70,24,4.18
NL,70,25,4.18
NL,70,26,4.4
NL,70,27,4.4
NL,70,28,4.4
NL,70,29,4.4
NL,70,30,4.4
NL,70,31,4.62
NL,70,32,4.62
NL,70,33,4.62
NL,70,34,4.62
NL,70,35,4.62
NL,70,36,4.62
NL,70,37,4.62
NL,70,38,4.62
NL,70,39,4.62
NL,70,40,4.62
NL,70,41,4.62
NL,70,42,4.62
NL,70,43,4.62
NL,70,44,4.62
NL,70,45,4.62
NL,80,1,1.08
NL,80,2,1.08
NL,80,3,1.08
NL,80,4,1.5
NL,80,5,1.5
NL,80,6,1.5
NL,80,7,1.83
NL,80,8,1.83
NL,80,9,1.83
NL,80,10,1.83
NL,80,11,2.47
NL,80,12,2.47
NL,80,13,2.47
NL,80,14,2.47
NL,80,15,2.47
NL,80,16,3.11
NL,80,17,3.11
NL,80,18,3.11
NL,80,19,3.11
NL,80,20,3.11
NL,80,21,3.33
NL,80,22,3.33
NL,80,23,3.33
NL,80,24,3.33
NL,80,25,3.33
NL,80,26,3.54
NL,80,27,3.54
NL,80,28,3.54
NL,80,29,3.54
NL,80,30,3.54
NL,80,31,3.76
NL,80,32,3.76
NL,80,33,3.76
NL,80,34,3.76
NL,80,35,3.76
NL,80,36,3.76
NL,80,37,3.76
NL,80,38,3.76
NL,80,39,3.76
NL,80,40,3.76
NL,80,41,3.76
NL,80,42,3.76
NL,80,43,3.76
NL,80,44,3.76
NL,80,45,3.76
NL,90,1,1.08
NL,90,2,1.08
NL,90,3,1.08
NL,90,4,1.5
NL,90,5,1.5
NL,90,6,1.5
NL,90,7,1.83
NL,90,8,1.83
NL,90,9,1.83
NL,90,10,1.83
NL,90,11,2.47
NL,90,12,2.47
NL,90,13,2.47
NL,90,14,2.47
NL,90,15,2.47
NL,90,16,3.11
NL,90,17,3.11
NL,90,18,3.11
NL,90,19,3.11
NL,90,20,3.11
NL,90,21,3.33
NL,90,22,3.33
NL,90,23,3.33
NL,90,24,3.33
NL,90,25,3.33
NL,90,26,3.54
NL,90,27,3.54
NL,90,28,3.54
NL,90,29,3.54
NL,90,30,3.54
NL,90,31,3.76
NL,90,32,3.76
NL,90,33,3.76
NL,90,34,3.76
NL,90,35,3.76
NL,90,36,3.76
NL,90,37,3.76
NL,90,38,3.76
NL,90,39,3.76
NL,90,40,3.76
NL,90,41,3.76
NL,90,42,3.76
NL,90,43,3.76
NL,90,44,3.76
NL,90,45,3.76
NL,100,1,1.08
NL,100,2,1.08
NL,100,3,1.08
NL,100,4,1.5
NL,100,5,1.5
NL,100,6,1.5
NL,100,7,1.83
NL,100,8,1.83
NL,100,9,1.83
NL,100,10,1.83
NL,100,11,2.47
NL,100,12,2.47
NL,100,13,2.47
NL,100,14,2.47
NL,100,15,2.47
NL,100,16,3.11
NL,100,17,3.11
NL,100,18,3.11
NL,100,19,3.11
NL,100,20,3.11
NL,100,21,3.33
NL,100,22,3.33
NL,100,23,3.33
NL,100,24,3.33
NL,100,25,3.33
NL,100,26,3.54
NL,100,27,3.54
NL,100,28,3.54
NL,100,29,3.54
NL,100,30,3.54
NL,100,31,3.76
NL,100,32,3.76
NL,100,33,3.76
NL,100,34,3.76
NL,100,35,3.76
NL,100,36,3.76
NL,100,37,3.76
NL,100,38,3.76
NL,100,39,3.76
NL,100,40,3.76
NL,100,41,3.76
NL,100,42,3.76
NL,100,43,3.76
NL,100,44,3.76
NL,100,45,3.76
SE,10,1,4.23
SE,10,2,4.23
SE,10,3,4.23
SE,10,4,5.12
SE,10,5,5.12
SE,10,6,5.12
SE,10,7,6
SE,10,8,6
SE,10,9,6
SE,10,10,6
SE,10,11,7.57
SE,10,12,7.57
SE,10,13,7.57
SE,10,14,7.57
SE,10,15,7.57
SE,10,16,8.34
SE,10,17,8.34
SE,10,18,8.34
SE,10,19,8.34
SE,10,20,8.34
SE,10,21,8.45
SE,10,22,8.45
SE,10,23,8.45
SE,10,24,8.45
SE,10,25,8.45
SE,10,26,9.01
SE,10,27,9.01
SE,10,28,9.01
SE,10,29,9.01
SE,10,30,9.01
SE,10,31,9.67
SE,10,32,9.67
SE,10,33,9.67
SE,10,34,9.67
SE,10,35,9.67
SE,10,36,9.67
SE,10,37,9.67
SE,10,38,9.67
SE,10,39,9.67
SE,10,40,9.67
SE,10,41,9.67
SE,10,42,9.67
SE,10,43,9.67
SE,10,44,9.67
SE,10,45,9.67
SE,20,1,3.11
SE,20,2,3.11
SE,20,3,3.11
SE,20,4,4.11
SE,20,5,4.11
SE,20,6,4.11
SE,20,7,5
SE,20,8,5
SE,20,9,5
SE,20,10,5
SE,20,11,6.23
SE,20,12,6.23
SE,20,13,6.23
SE,20,14,6.23
SE,20,15,6.23
SE,20,16,6.89
SE,20,17,6.89
SE,20,18,6.89
SE,20,19,6.89
SE,20,20,6.89
SE,20,21,7
SE,20,22,7
SE,20,23,7
SE,20,24,7
SE,20,25,7
SE,20,26,7.45
SE,20,27,7.45
SE,20,28,7.45
SE,20,29,7.45
SE,20,30,7.45
SE,20,31,8.34
SE,20,32,8.34
SE,20,33,8.34
SE,20,34,8.34
SE,20,35,8.34
SE,20,36,8.34
SE,20,37,8.34
SE,20,38,8.34
SE,20,39,8.34
SE,20,40,8.34
SE,20,41,8.34
SE,20,42,8.34
SE,20,43,8.34
SE,20,44,8.34
SE,20,45,8.34
SE,30,1,2.67
SE,30,2,2.67
SE,30,3,2.67
SE,30,4,3.34
SE,30,5,3.34
SE,30,6,3.34
SE,30,7,4.67
SE,30,8,4.67
SE,30,9,4.67
SE,30,10,4.67
SE,30,11,6
SE,30,12,6
SE,30,13,6
SE,30,14,6
SE,30,15,6
SE,30,16,6.45
SE,30,17,6.45
SE,30,18,6.45
SE,30,19,6.45
SE,30,20,6.45
SE,30,21,6.57
SE,30,22,6.57
SE,30,23,6.57
SE,30,24,6.57
SE,30,25,6.57
SE,30,26,6.67
SE,30,27,6.67
SE,30,28,6.67
SE,30,29,6.67
SE,30,30,6.67
SE,30,31,7.45
SE,30,32,7.45
SE,30,33,7.45
SE,30,34,7.45
SE,30,35,7.45
SE,30,36,7.45
SE,30,37,7.45
SE,30,38,7.45
SE,30,39,7.45
SE,30,40,7.45
SE,30,41,7.45
SE,30,42,7.45
SE,30,43,7.45
SE,30,44,7.45
SE,30,45,7.45
SE,40,1,2.23
SE,40,2,2.23
SE,40,3,2.23
SE,40,4,2.67
SE,40,5,2.67
SE,40,6,2.67
SE,40,7,3.67
SE,40,8,3.67
SE,40,9,3.67
SE,40,10,3.67
SE,40,11,4.67
SE,40,12,4.67
SE,40,13,4.67
SE,40,14,4.67
DE,50,5,2.84
DE,50,19,5.54
DE,70,17,4.37
DE,70,27,4.84
ES,80,9,1.74
SE,40,15,4.67
SE,40,16,5.23
SE,40,17,5.23
SE,40,18,5.23
SE,40,19,5.23
SE,40,20,5.23
SE,40,21,5.34
SE,40,22,5.34
SE,40,23,5.34
SE,40,24,5.34
SE,40,25,5.34
SE,40,26,5.45
SE,40,27,5.45
SE,40,28,5.45
SE,40,29,5.45
SE,40,30,5.45
SE,40,31,6.12
SE,40,32,6.12
SE,40,33,6.12
SE,40,34,6.12
SE,40,35,6.12
SE,40,36,6.12
SE,40,37,6.12
SE,40,38,6.12
SE,40,39,6.12
SE,40,40,6.12
SE,40,41,6.12
SE,40,42,6.12
SE,40,43,6.12
SE,40,44,6.12
SE,40,45,6.12
SE,50,1,2.23
SE,50,2,2.23
SE,50,3,2.23
SE,50,4,2.67
SE,50,5,2.67
SE,50,6,2.67
SE,50,7,3.67
SE,50,8,3.67
SE,50,9,3.67
SE,50,10,3.67
SE,50,11,4.67
SE,50,12,4.67
SE,50,13,4.67
SE,50,14,4.67
SE,50,15,4.67
SE,50,16,5.23
SE,50,17,5.23
SE,50,18,5.23
SE,50,19,5.23
SE,50,20,5.23
SE,50,21,5.34
SE,50,22,5.34
SE,50,23,5.34
SE,50,24,5.34
SE,50,25,5.34
SE,50,26,5.45
SE,50,27,5.45
SE,50,28,5.45
SE,50,29,5.45
SE,50,30,5.45
SE,50,31,6.12
SE,50,32,6.12
SE,50,33,6.12
SE,50,34,6.12
SE,50,35,6.12
SE,50,36,6.12
SE,50,37,6.12
SE,50,38,6.12
SE,50,39,6.12
SE,50,40,6.12
SE,50,41,6.12
SE,50,42,6.12
SE,50,43,6.12
SE,50,44,6.12
SE,50,45,6.12
SE,60,1,1.55
SE,60,2,1.55
SE,60,3,1.55
SE,60,4,2.23
SE,60,5,2.23
SE,60,6,2.23
SE,60,7,2.89
SE,60,8,2.89
SE,60,9,2.89
SE,60,10,2.89
SE,60,11,3.67
SE,60,12,3.67
SE,60,13,3.67
SE,60,14,3.67
SE,60,15,3.67
SE,60,16,4.11
SE,60,17,4.11
SE,60,18,4.11
SE,60,19,4.11
SE,60,20,4.11
SE,60,21,4.34
SE,60,22,4.34
SE,60,23,4.34
SE,60,24,4.34
SE,60,25,4.34
SE,60,26,4.55
SE,60,27,4.55
SE,60,28,4.55
SE,60,29,4.55
SE,60,30,4.55
SE,60,31,4.78
SE,60,32,4.78
SE,60,33,4.78
SE,60,34,4.78
SE,60,35,4.78
SE,60,36,4.78
SE,60,37,4.78
SE,60,38,4.78
SE,60,39,4.78
SE,60,40,4.78
SE,60,41,4.78
SE,60,42,4.78
SE,60,43,4.78
SE,60,44,4.78
SE,60,45,4.78
SE,70,1,1.55
SE,70,2,1.55
SE,70,3,1.55
SE,70,4,2.23
SE,70,5,2.23
SE,70,6,2.23
SE,70,7,2.89
SE,70,8,2.89
SE,70,9,2.89
SE,70,10,2.89
SE,70,11,3.67
SE,70,12,3.67
SE,70,13,3.67
SE,70,14,3.67
SE,70,15,3.67
SE,70,16,4.11
SE,70,17,4.11
SE,70,18,4.11
SE,70,19,4.11
SE,70,20,4.11
SE,70,21,4.34
SE,70,22,4.34
SE,70,23,4.34
SE,70,24,4.34
SE,70,25,4.34
SE,70,26,4.55
SE,70,27,4.55
SE,70,28,4.55
SE,70,29,4.55
SE,70,30,4.55
SE,70,31,4.78
SE,70,32,4.78
SE,70,33,4.78
SE,70,34,4.78
SE,70,35,4.78
SE,70,36,4.78
SE,70,37,4.78
SE,70,38,4.78
SE,70,39,4.78
SE,70,40,4.78
SE,70,41,4.78
SE,70,42,4.78
SE,70,43,4.78
SE,70,44,4.78
SE,70,45,4.78
SE,80,1,1.11
SE,80,2,1.11
SE,80,3,1.11
SE,80,4,1.55
SE,80,5,1.55
SE,80,6,1.55
SE,80,7,1.89
SE,80,8,1.89
SE,80,9,1.89
SE,80,10,1.89
SE,80,11,2.55
SE,80,12,2.55
SE,80,13,2.55
SE,80,14,2.55
SE,80,15,2.55
SE,80,16,3.23
SE,80,17,3.23
SE,80,18,3.23
SE,80,19,3.23
SE,80,20,3.23
SE,80,21,3.45
SE,80,22,3.45
SE,80,23,3.45
SE,80,24,3.45
SE,80,25,3.45
SE,80,26,3.67
SE,80,27,3.67
SE,80,28,3.67
SE,80,29,3.67
SE,80,30,3.67
SE,80,31,3.89
SE,80,32,3.89
SE,80,33,3.89
SE,80,34,3.89
SE,80,35,3.89
SE,80,36,3.89
SE,80,37,3.89
SE,80,38,3.89
SE,80,39,3.89
SE,80,40,3.89
SE,80,41,3.89
SE,80,42,3.89
SE,80,43,3.89
SE,80,44,3.89
SE,80,45,3.89
SE,90,1,1.11
SE,90,2,1.11
SE,90,3,1.11
SE,90,4,1.55
SE,90,5,1.55
SE,90,6,1.55
SE,90,7,1.89
SE,90,8,1.89
SE,90,9,1.89
SE,90,10,1.89
SE,90,11,2.55
SE,90,12,2.55
SE,90,13,2.55
SE,90,14,2.55
SE,90,15,2.55
SE,90,16,3.23
SE,90,17,3.23
SE,90,18,3.23
SE,90,19,3.23
SE,90,20,3.23
SE,90,21,3.45
SE,90,22,3.45
SE,90,23,3.45
SE,90,24,3.45
SE,90,25,3.45
SE,90,26,3.67
SE,90,27,3.67
SE,90,28,3.67
SE,90,29,3.67
SE,90,30,3.67
SE,90,31,3.89
SE,90,32,3.89
SE,90,33,3.89
SE,90,34,3.89
SE,90,35,3.89
SE,90,36,3.89
SE,90,37,3.89
SE,90,38,3.89
SE,90,39,3.89
SE,90,40,3.89
SE,90,41,3.89
SE,90,42,3.89
SE,90,43,3.89
SE,90,44,3.89
SE,90,45,3.89
SE,100,1,1.11
SE,100,2,1.11
SE,100,3,1.11
SE,100,4,1.55
SE,100,5,1.55
SE,100,6,1.55
SE,100,7,1.89
SE,100,8,1.89
SE,100,9,1.89
SE,100,10,1.89
SE,100,11,2.55
SE,100,12,2.55
SE,100,13,2.55
SE,100,14,2.55
SE,100,15,2.55
SE,100,16,3.23
SE,100,17,3.23
SE,100,18,3.23
SE,100,19,3.23
SE,100,20,3.23
SE,100,21,3.45
SE,100,22,3.45
SE,100,23,3.45
SE,100,24,3.45
SE,100,25,3.45
SE,100,26,3.67
SE,100,27,3.67
SE,100,28,3.67
SE,100,29,3.67
SE,100,30,3.67
SE,100,31,3.89
SE,100,32,3.89
SE,100,33,3.89
SE,100,34,3.89
SE,100,35,3.89
SE,100,36,3.89
SE,100,37,3.89
SE,100,38,3.89
SE,100,39,3.89
SE,100,40,3.89
SE,100,41,3.89
SE,100,42,3.89
SE,100,43,3.89
SE,100,44,3.89
SE,100,45,3.89
NO,10,1,7.67
NO,10,2,7.67
NO,10,3,7.67
NO,10,4,9.29
NO,10,5,9.29
NO,10,6,9.29
NO,10,7,10.91
NO,10,8,10.91
NO,10,9,10.91
NO,10,10,10.91
NO,10,11,13.74
NO,10,12,13.74
NO,10,13,13.74
NO,10,14,13.74
NO,10,15,13.74
NO,10,16,15.15
NO,10,17,15.15
NO,10,18,15.15
NO,10,19,15.15
NO,10,20,15.15
NO,10,21,15.36
NO,10,22,15.36
NO,10,23,15.36
NO,10,24,15.36
NO,10,25,15.36
NO,10,26,16.37
NO,10,27,16.37
NO,10,28,16.37
NO,10,29,16.37
NO,10,30,16.37
NO,10,31,17.58
NO,10,32,17.58
NO,10,33,17.58
NO,10,34,17.58
NO,10,35,17.58
NO,10,36,17.58
NO,10,37,17.58
NO,10,38,17.58
NO,10,39,17.58
NO,10,40,17.58
NO,10,41,17.58
NO,10,42,17.58
NO,10,43,17.58
NO,10,44,17.58
NO,10,45,17.58
NO,20,1,5.66
NO,20,2,5.66
NO,20,3,5.66
NO,20,4,7.48
NO,20,5,7.48
NO,20,6,7.48
NO,20,7,9.1
NO,20,8,9.1
NO,20,9,9.1
NO,20,10,9.1
NO,20,11,11.32
NO,20,12,11.32
NO,20,13,11.32
NO,20,14,11.32
NO,20,15,11.32
NO,20,16,12.53
NO,20,17,12.53
NO,20,18,12.53
NO,20,19,12.53
NO,20,20,12.53
NO,20,21,12.73
NO,20,22,12.73
NO,20,23,12.73
NO,20,24,12.73
NO,20,25,12.73
NO,20,26,13.53
NO,20,27,13.53
NO,20,28,13.53
NO,20,29,13.53
NO,20,30,13.53
NO,20,31,15.15
NO,20,32,15.15
NO,20,33,15.15
NO,20,34,15.15
NO,20,35,15.15
NO,20,36,15.15
NO,20,37,15.15
NO,20,38,15.15
NO,20,39,15.15
NO,20,40,15.15
NO,20,41,15.15
NO,20,42,15.15
NO,20,43,15.15
NO,20,44,15.15
NO,20,45,15.15
NO,30,1,4.85
NO,30,2,4.85
NO,30,3,4.85
NO,30,4,6.07
NO,30,5,6.07
NO,30,6,6.07
NO,30,7,8.49
NO,30,8,8.49
NO,30,9,8.49
NO,30,10,8.49
NO,30,11,10.91
NO,30,12,10.91
NO,30,13,10.91
NO,30,14,10.91
NO,30,15,10.91
NO,30,16,11.72
NO,30,17,11.72
NO,30,18,11.72
NO,30,19,11.72
NO,30,20,11.72
NO,30,21,11.92
NO,30,22,11.92
NO,30,23,11.92
NO,30,24,11.92
NO,30,25,11.92
NO,30,26,12.12
NO,30,27,12.12
NO,30,28,12.12
NO,30,29,12.12
NO,30,30,12.12
NO,30,31,13.53
NO,30,32,13.53
NO,30,33,13.53
NO,30,34,13.53
NO,30,35,13.53
NO,30,36,13.53
NO,30,37,13.53
NO,30,38,13.53
NO,30,39,13.53
NO,30,40,13.53
NO,30,41,13.53
NO,30,42,13.53
NO,30,43,13.53
NO,30,44,13.53
NO,30,45,13.53
NO,40,1,4.04
NO,40,2,4.04
NO,40,3,4.04
NO,40,4,4.85
NO,40,5,4.85
NO,40,6,4.85
NO,40,7,6.66
NO,40,8,6.66
NO,40,9,6.66
NO,40,10,6.66
NO,40,11,8.49
NO,40,12,8.49
NO,40,13,8.49
NO,40,14,8.49
NO,40,15,8.49
NO,40,16,9.5
NO,40,17,9.5
NO,40,18,9.5
NO,40,19,9.5
NO,40,20,9.5
NO,40,21,9.7
NO,40,22,9.7
NO,40,23,9.7
NO,40,24,9.7
NO,40,25,9.7
NO,40,26,9.9
NO,40,27,9.9
NO,40,28,9.9
NO,40,29,9.9
NO,40,30,9.9
NO,40,31,11.11
NO,40,32,11.11
NO,40,33,11.11
NO,40,34,11.11
NO,40,35,11.11
NO,40,36,11.11
NO,40,37,11.11
NO,40,38,11.11
NO,40,39,11.11
NO,40,40,11.11
NO,40,41,11.11
NO,40,42,11.11
NO,40,43,11.11
NO,40,44,11.11
NO,40,45,11.11
NO,50,1,4.04
NO,50,2,4.04
NO,50,3,4.04
NO,50,4,4.85
NO,50,5,4.85
NO,50,6,4.85
NO,50,7,6.66
NO,50,8,6.66
NO,50,9,6.66
NO,50,10,6.66
NO,50,11,8.49
NO,50,12,8.49
NO,50,13,8.49
NO,50,14,8.49
NO,50,15,8.49
NO,50,16,9.5
NO,50,17,9.5
NO,50,18,9.5
NO,50,19,9.5
NO,50,20,9.5
NO,50,21,9.7
NO,50,22,9.7
NO,50,23,9.7
NO,50,24,9.7
NO,50,25,9.7
NO,50,26,9.9
NO,50,27,9.9
NO,50,28,9.9
NO,50,29,9.9
NO,50,30,9.9
NO,50,31,11.11
NO,50,32,11.11
NO,50,33,11.11
NO,50,34,11.11
NO,50,35,11.11
NO,50,36,11.11
NO,50,37,11.11
NO,50,38,11.11
NO,50,39,11.11
NO,50,40,11.11
NO,50,41,11.11
NO,50,42,11.11
NO,50,43,11.11
NO,50,44,11.11
NO,50,45,11.11
NO,60,1,2.83
NO,60,2,2.83
NO,60,3,2.83
NO,60,4,4.04
NO,60,5,4.04
NO,60,6,4.04
NO,60,7,5.25
NO,60,8,5.25
NO,60,9,5.25
NO,60,10,5.25
NO,60,11,6.66
NO,60,12,6.66
NO,60,13,6.66
NO,60,14,6.66
NO,60,15,6.66
NO,60,16,7.48
NO,60,17,7.48
NO,60,18,7.48
NO,60,19,7.48
NO,60,20,7.48
NO,60,21,7.88
NO,60,22,7.88
NO,60,23,7.88
NO,60,24,7.88
NO,60,25,7.88
NO,60,26,8.28
NO,60,27,8.28
NO,60,28,8.28
NO,60,29,8.28
NO,60,30,8.28
NO,60,31,8.68
NO,60,32,8.68
NO,60,33,8.68
NO,60,34,8.68
NO,60,35,8.68
NO,60,36,8.68
NO,60,37,8.68
NO,60,38,8.68
NO,60,39,8.68
NO,60,40,8.68
NO,60,41,8.68
NO,60,42,8.68
NO,60,43,8.68
NO,60,44,8.68
NO,60,45,8.68
NO,70,1,2.83
NO,70,2,2.83
NO,70,3,2.83
NO,70,4,4.04
NO,70,5,4.04
NO,70,6,4.04
NO,70,7,5.25
NO,70,8,5.25
NO,70,9,5.25
NO,70,10,5.25
NO,70,11,6.66
NO,70,12,6.66
NO,70,13,6.66
NO,70,14,6.66
NO,70,15,6.66
NO,70,16,7.48
NO,70,17,7.48
NO,70,18,7.48
NO,70,19,7.48
NO,70,20,7.48
NO,70,21,7.88
NO,70,22,7.88
NO,70,23,7.88
NO,70,24,7.88
NO,70,25,7.88
NO,70,26,8.28
NO,70,27,8.28
NO,70,28,8.28
NO,70,29,8.28
NO,70,30,8.28
NO,70,31,8.68
NO,70,32,8.68
NO,70,33,8.68
NO,70,34,8.68
NO,70,35,8.68
NO,70,36,8.68
NO,70,37,8.68
NO,70,38,8.68
NO,70,39,8.68
NO,70,40,8.68
NO,70,41,8.68
NO,70,42,8.68
NO,70,43,8.68
NO,70,44,8.68
NO,70,45,8.68
NO,80,1,2.02
NO,80,2,2.02
NO,80,3,2.02
NO,80,4,2.83
NO,80,5,2.83
NO,80,6,2.83
NO,80,7,3.43
NO,80,8,3.43
NO,80,9,3.43
NO,80,10,3.43
NO,80,11,4.65
NO,80,12,4.65
NO,80,13,4.65
NO,80,14,4.65
NO,80,15,4.65
NO,80,16,5.86
NO,80,17,5.86
NO,80,18,5.86
NO,80,19,5.86
NO,80,20,5.86
NO,80,21,6.26
NO,80,22,6.26
NO,80,23,6.26
NO,80,24,6.26
NO,80,25,6.26
NO,80,26,6.66
NO,80,27,6.66
NO,80,28,6.66
NO,80,29,6.66
NO,80,30,6.66
NO,80,31,7.08
NO,80,32,7.08
NO,80,33,7.08
NO,80,34,7.08
NO,80,35,7.08
NO,80,36,7.08
NO,80,37,7.08
NO,80,38,7.08
NO,80,39,7.08
NO,80,40,7.08
NO,80,41,7.08
NO,80,42,7.08
NO,80,43,7.08
NO,80,44,7.08
NO,80,45,7.08
NO,90,1,2.02
NO,90,2,2.02
NO,90,3,2.02
NO,90,4,2.83
NO,90,5,2.83
NO,90,6,2.83
NO,90,7,3.43
NO,90,8,3.43
NO,90,9,3.43
NO,90,10,3.43
NO,90,11,4.65
NO,90,12,4.65
NO,90,13,4.65
NO,90,14,4.65
NO,90,15,4.65
NO,90,16,5.86
NO,90,17,5.86
NO,90,18,5.86
NO,90,19,5.86
NO,90,20,5.86
NO,90,21,6.26
NO,90,22,6.26
NO,90,23,6.26
NO,90,24,6.26
NO,90,25,6.26
NO,90,26,6.66
NO,90,27,6.66
NO,90,28,6.66
NO,90,29,6.66
NO,90,30,6.66
NO,90,31,7.08
NO,90,32,7.08
NO,90,33,7.08
NO,90,34,7.08
NO,90,35,7.08
NO,90,36,7.08
NO,90,37,7.08
NO,90,38,7.08
NO,90,39,7.08
NO,90,40,7.08
NO,90,41,7.08
NO,90,42,7.08
NO,90,43,7.08
NO,90,44,7.08
NO,90,45,7.08
NO,100,1,2.02
NO,100,2,2.02
NO,100,3,2.02
NO,100,4,2.83
NO,100,5,2.83
NO,100,6,2.83
NO,100,7,3.43
NO,100,8,3.43
NO,100,9,3.43
NO,100,10,3.43
NO,100,11,4.65
NO,100,12,4.65
NO,100,13,4.65
NO,100,14,4.65
NO,100,15,4.65
NO,100,16,5.86
NO,100,17,5.86
NO,100,18,5.86
NO,100,19,5.86
NO,100,20,5.86
NO,100,21,6.26
NO,100,22,6.26
NO,100,23,6.26
NO,100,24,6.26
NO,100,25,6.26
NO,100,26,6.66
NO,100,27,6.66
NO,100,28,6.66
NO,100,29,6.66
NO,100,30,6.66
NO,100,31,7.08
NO,100,32,7.08
NO,100,33,7.08
NO,100,34,7.08
NO,100,35,7.08
NO,100,36,7.08
NO,100,37,7.08
NO,100,38,7.08
NO,100,39,7.08
NO,100,40,7.08
NO,100,41,7.08
NO,100,42,7.08
NO,100,43,7.08
NO,100,44,7.08
NO,100,45,7.08
DK,10,1,5.2
DK,10,2,5.2
DK,10,3,5.2
DK,10,4,6.28
DK,10,5,6.28
DK,10,6,6.28
DK,10,7,7.38
DK,10,8,7.38
DK,10,9,7.38
DK,10,10,7.38
DK,10,11,9.29
DK,10,12,9.29
DK,10,13,9.29
DK,10,14,9.29
DK,10,15,9.29
DK,10,16,10.25
DK,10,17,10.25
DK,10,18,10.25
DK,10,19,10.25
DK,10,20,10.25
DK,10,21,10.39
DK,10,22,10.39
DK,10,23,10.39
DK,10,24,10.39
DK,10,25,10.39
DK,10,26,11.07
DK,10,27,11.07
DK,10,28,11.07
DK,10,29,11.07
DK,10,30,11.07
DK,10,31,11.89
DK,10,32,11.89
DK,10,33,11.89
DK,10,34,11.89
DK,10,35,11.89
DK,10,36,11.89
DK,10,37,11.89
DK,10,38,11.89
DK,10,39,11.89
DK,10,40,11.89
DK,10,41,11.89
DK,10,42,11.89
DK,10,43,11.89
DK,10,44,11.89
DK,10,45,11.89
DK,20,1,3.83
DK,20,2,3.83
DK,20,3,3.83
DK,20,4,5.05
DK,20,5,5.05
DK,20,6,5.05
DK,20,7,6.15
DK,20,8,6.15
DK,20,9,6.15
DK,20,10,6.15
DK,20,11,7.65
DK,20,12,7.65
DK,20,13,7.65
DK,20,14,7.65
DK,20,15,7.65
DK,20,16,8.48
DK,20,17,8.48
DK,20,18,8.48
DK,20,19,8.48
DK,20,20,8.48
DK,20,21,8.61
DK,20,22,8.61
DK,20,23,8.61
DK,20,24,8.61
DK,20,25,8.61
DK,20,26,9.15
DK,20,27,9.15
DK,20,28,9.15
DK,20,29,9.15
DK,20,30,9.15
DK,20,31,10.25
DK,20,32,10.25
DK,20,33,10.25
DK,20,34,10.25
DK,20,35,10.25
DK,20,36,10.25
DK,20,37,10.25
DK,20,38,10.25
DK,20,39,10.25
DK,20,40,10.25
DK,20,41,10.25
DK,20,42,10.25
DK,20,43,10.25
DK,20,44,10.25
DK,20,45,10.25
DK,30,1,3.28
DK,30,2,3.28
DK,30,3,3.28
DK,30,4,4.1
DK,30,5,4.1
DK,30,6,4.1
DK,30,7,5.74
DK,30,8,5.74
DK,30,9,5.74
DK,30,10,5.74
DK,30,11,7.38
DK,30,12,7.38
DK,30,13,7.38
DK,30,14,7.38
DK,30,15,7.38
DK,30,16,7.92
DK,30,17,7.92
DK,30,18,7.92
DK,30,19,7.92
DK,30,20,7.92
DK,30,21,8.07
DK,30,22,8.07
DK,30,23,8.07
DK,30,24,8.07
DK,30,25,8.07
DK,30,26,8.2
DK,30,27,8.2
DK,30,28,8.2
DK,30,29,8.2
DK,30,30,8.2
DK,30,31,9.15
DK,30,32,9.15
DK,30,33,9.15
DK,30,34,9.15
DK,30,35,9.15
DK,30,36,9.15
DK,30,37,9.15
DK,30,38,9.15
DK,30,39,9.15
DK,30,40,9.15
DK,30,41,9.15
DK,30,42,9.15
DK,30,43,9.15
DK,30,44,9.15
DK,30,45,9.15
DK,40,1,2.73
DK,40,2,2.73
DK,40,3,2.73
DK,40,4,3.28
DK,40,5,3.28
DK,40,6,3.28
DK,40,7,4.51
DK,40,8,4.51
DK,40,9,4.51
DK,40,10,4.51
DK,40,11,5.74
DK,40,12,5.74
DK,40,13,5.74
DK,40,14,5.74
DK,40,15,5.74
DK,40,16,6.42
DK,40,17,6.42
DK,40,18,6.42
DK,40,19,6.42
DK,40,20,6.42
DK,40,21,6.55
DK,40,22,6.55
DK,40,23,6.55
DK,40,24,6.55
DK,40,25,6.55
DK,40,26,6.7
DK,40,27,6.7
DK,40,28,6.7
DK,40,29,6.7
DK,40,30,6.7
DK,40,31,7.51
DK,40,32,7.51
DK,40,33,7.51
DK,40,34,7.51
DK,40,35,7.51
DK,40,36,7.51
DK,40,37,7.51
DK,40,38,7.51
DK,40,39,7.51
DK,40,40,7.51
DK,40,41,7.51
DK,40,42,7.51
DK,40,43,7.51
DK,40,44,7.51
DK,40,45,7.51
DK,50,1,2.73
DK,50,2,2.73
DK,50,3,2.73
DK,50,4,3.28
DK,50,5,3.28
DK,50,6,3.28
DK,50,7,4.51
DK,50,8,4.51
DK,50,9,4.51
DK,50,10,4.51
DK,50,11,5.74
DK,50,12,5.74
DK,50,13,5.74
DK,50,14,5.74
DK,50,15,5.74
DK,50,16,6.42
DK,50,17,6.42
DK,50,18,6.42
DK,50,19,6.42
DK,50,20,6.42
DK,50,21,6.55
DK,50,22,6.55
DK,50,23,6.55
DK,50,24,6.55
DK,50,25,6.55
DK,50,26,6.7
DK,50,27,6.7
DK,50,28,6.7
DK,50,29,6.7
DK,50,30,6.7
DK,50,31,7.51
DK,50,32,7.51
DK,50,33,7.51
DK,50,34,7.51
DK,50,35,7.51
DK,50,36,7.51
DK,50,37,7.51
DK,50,38,7.51
DK,50,39,7.51
DK,50,40,7.51
DK,50,41,7.51
DK,50,42,7.51
DK,50,43,7.51
DK,50,44,7.51
DK,50,45,7.51
DK,60,1,1.91
DK,60,2,1.91
DK,60,3,1.91
DK,60,4,2.73
DK,60,5,2.73
DK,60,6,2.73
DK,60,7,3.55
DK,60,8,3.55
DK,60,9,3.55
DK,60,10,3.55
DK,60,11,4.51
DK,60,12,4.51
DK,60,13,4.51
DK,60,14,4.51
DK,60,15,4.51
DK,60,16,5.05
DK,60,17,5.05
DK,60,18,5.05
DK,60,19,5.05
DK,60,20,5.05
DK,60,21,5.33
DK,60,22,5.33
DK,60,23,5.33
DK,60,24,5.33
DK,60,25,5.33
DK,60,26,5.6
DK,60,27,5.6
DK,60,28,5.6
DK,60,29,5.6
DK,60,30,5.6
DK,60,31,5.88
DK,60,32,5.88
DK,60,33,5.88
DK,60,34,5.88
DK,60,35,5.88
DK,60,36,5.88
DK,60,37,5.88
DK,60,38,5.88
DK,60,39,5.88
DK,60,40,5.88
DK,60,41,5.88
DK,60,42,5.88
DK,60,43,5.88
DK,60,44,5.88
DK,60,45,5.88
DK,70,1,1.91
DK,70,2,1.91
DK,70,3,1.91
DK,70,4,2.73
DK,70,5,2.73
DK,70,6,2.73
DK,70,7,3.55
DK,70,8,3.55
DK,70,9,3.55
DK,70,10,3.55
DK,70,11,4.51
DK,70,12,4.51
DK,70,13,4.51
DK,70,14,4.51
DK,70,15,4.51
DK,70,16,5.05
DK,70,17,5.05
DK,70,18,5.05
DK,70,19,5.05
DK,70,20,5.05
DK,70,21,5.33
DK,70,22,5.33
DK,70,23,5.33
DK,70,24,5.33
DK,70,25,5.33
DK,70,26,5.6
DK,70,27,5.6
DK,70,28,5.6
DK,70,29,5.6
DK,70,30,5.6
DK,70,31,5.88
DK,70,32,5.88
DK,70,33,5.88
DK,70,34,5.88
DK,70,35,5.88
DK,70,36,5.88
DK,70,37,5.88
DK,70,38,5.88
DK,70,39,5.88
DK,70,40,5.88
DK,70,41,5.88
DK,70,42,5.88
DK,70,43,5.88
DK,70,44,5.88
DK,70,45,5.88
DK,80,1,1.37
DK,80,2,1.37
DK,80,3,1.37
DK,80,4,1.91
DK,80,5,1.91
DK,80,6,1.91
DK,80,7,2.33
DK,80,8,2.33
DK,80,9,2.33
DK,80,10,2.33
DK,80,11,3.14
DK,80,12,3.14
DK,80,13,3.14
DK,80,14,3.14
DK,80,15,3.14
DK,80,16,3.97
DK,80,17,3.97
DK,80,18,3.97
DK,80,19,3.97
DK,80,20,3.97
DK,80,21,4.24
DK,80,22,4.24
DK,80,23,4.24
DK,80,24,4.24
DK,80,25,4.24
DK,80,26,4.51
DK,80,27,4.51
DK,80,28,4.51
DK,80,29,4.51
DK,80,30,4.51
DK,80,31,4.78
DK,80,32,4.78
DK,80,33,4.78
DK,80,34,4.78
DK,80,35,4.78
DK,80,36,4.78
DK,80,37,4.78
DK,80,38,4.78
DK,80,39,4.78
DK,80,40,4.78
DK,80,41,4.78
DK,80,42,4.78
DK,80,43,4.78
DK,80,44,4.78
DK,80,45,4.78
DK,90,1,1.37
DK,90,2,1.37
DK,90,3,1.37
DK,90,4,1.91
DK,90,5,1.91
DK,90,6,1.91
DK,90,7,2.33
DK,90,8,2.33
DK,90,9,2.33
DK,90,10,2.33
DK,90,11,3.14
DK,90,12,3.14
DK,90,13,3.14
DK,90,14,3.14
DK,90,15,3.14
DK,90,16,3.97
DK,90,17,3.97
DK,90,18,3.97
DK,90,19,3.97
DK,90,20,3.97
DK,90,21,4.24
DK,90,22,4.24
DK,90,23,4.24
DK,90,24,4.24
DK,90,25,4.24
DK,90,26,4.51
DK,90,27,4.51
DK,90,28,4.51
DK,90,29,4.51
DK,90,30,4.51
DK,90,31,4.78
DK,90,32,4.78
DK,90,33,4.78
DK,90,34,4.78
DK,90,35,4.78
DK,90,36,4.78
DK,90,37,4.78
DK,90,38,4.78
DK,90,39,4.78
DK,90,40,4.78
DK,90,41,4.78
DK,90,42,4.78
DK,90,43,4.78
DK,90,44,4.78
DK,90,45,4.78
DK,100,1,1.37
DK,100,2,1.37
DK,100,3,1.37
DK,100,4,1.91
DK,100,5,1.91
DK,100,6,1.91
DK,100,7,2.33
DK,100,8,2.33
DK,100,9,2.33
DK,100,10,2.33
DK,100,11,3.14
DK,100,12,3.14
DK,100,13,3.14
DK,100,14,3.14
DK,100,15,3.14
DK,100,16,3.97
DK,100,17,3.97
DK,100,18,3.97
DK,100,19,3.97
DK,100,20,3.97
DK,100,21,4.24
DK,100,22,4.24
DK,100,23,4.24
DK,100,24,4.24
DK,100,25,4.24
DK,100,26,4.51
DK,100,27,4.51
DK,100,28,4.51
DK,100,29,4.51
DK,100,30,4.51
DK,100,31,4.78
DK,100,32,4.78
DK,100,33,4.78
DK,100,34,4.78
DK,100,35,4.78
DK,100,36,4.78
DK,100,37,4.78
DK,100,38,4.78
DK,100,39,4.78
DK,100,40,4.78
DK,100,41,4.78
DK,100,42,4.78
DK,100,43,4.78
DK,100,44,4.78
DK,100,45,4.78
FI,10,1,4.48
FI,10,2,4.48
FI,10,3,4.48
FI,10,4,5.41
FI,10,5,5.41
FI,10,6,5.41
FI,10,7,6.36
FI,10,8,6.36
FI,10,9,6.36
FI,10,10,6.36
FI,10,11,8.01
FI,10,12,8.01
FI,10,13,8.01
FI,10,14,8.01
FI,10,15,8.01
FI,10,16,8.83
FI,10,17,8.83
FI,10,18,8.83
FI,10,19,8.83
FI,10,20,8.83
FI,10,21,8.95
FI,10,22,8.95
FI,10,23,8.95
FI,10,24,8.95
FI,10,25,8.95
FI,10,26,9.53
FI,10,27,9.53
FI,10,28,9.53
FI,10,29,9.53
FI,10,30,9.53
FI,10,31,10.24
FI,10,32,10.24
FI,10,33,10.24
FI,10,34,10.24
FI,10,35,10.24
FI,10,36,10.24
FI,10,37,10.24
FI,10,38,10.24
FI,10,39,10.24
FI,10,40,10.24
FI,10,41,10.24
FI,10,42,10.24
FI,10,43,10.24
FI,10,44,10.24
FI,10,45,10.24
FI,20,1,3.29
FI,20,2,3.29
FI,20,3,3.29
FI,20,4,4.36
FI,20,5,4.36
FI,20,6,4.36
FI,20,7,5.29
FI,20,8,5.29
FI,20,9,5.29
FI,20,10,5.29
FI,20,11,6.6
FI,20,12,6.6
FI,20,13,6.6
FI,20,14,6.6
FI,20,15,6.6
FI,20,16,7.3
FI,20,17,7.3
FI,20,18,7.3
FI,20,19,7.3
FI,20,20,7.3
FI,20,21,7.41
FI,20,22,7.41
FI,20,23,7.41
FI,20,24,7.41
FI,20,25,7.41
FI,20,26,7.89
FI,20,27,7.89
FI,20,28,7.89
FI,20,29,7.89
FI,20,30,7.89
FI,20,31,8.83
FI,20,32,8.83
FI,20,33,8.83
FI,20,34,8.83
FI,20,35,8.83
FI,20,36,8.83
FI,20,37,8.83
FI,20,38,8.83
FI,20,39,8.83
FI,20,40,8.83
FI,20,41,8.83
FI,20,42,8.83
FI,20,43,8.83
FI,20,44,8.83
FI,20,45,8.83
FI,30,1,2.83
FI,30,2,2.83
FI,30,3,2.83
FI,30,4,3.53
FI,30,5,3.53
FI,30,6,3.53
FI,30,7,4.95
FI,30,8,4.95
FI,30,9,4.95
FI,30,10,4.95
FI,30,11,6.36
FI,30,12,6.36
FI,30,13,6.36
FI,30,14,6.36
FI,30,15,6.36
FI,30,16,6.83
FI,30,17,6.83
FI,30,18,6.83
FI,30,19,6.83
FI,30,20,6.83
FI,30,21,6.95
FI,30,22,6.95
FI,30,23,6.95
FI,30,24,6.95
FI,30,25,6.95
FI,30,26,7.07
FI,30,27,7.07
FI,30,28,7.07
FI,30,29,7.07
FI,30,30,7.07
FI,30,31,7.89
FI,30,32,7.89
FI,30,33,7.89
FI,30,34,7.89
FI,30,35,7.89
FI,30,36,7.89
FI,30,37,7.89
FI,30,38,7.89
FI,30,39,7.89
FI,30,40,7.89
FI,30,41,7.89
FI,30,42,7.89
FI,30,43,7.89
FI,30,44,7.89
FI,30,45,7.89
FI,40,1,2.36
FI,40,2,2.36
FI,40,3,2.36
FI,40,4,2.83
FI,40,5,2.83
FI,40,6,2.83
FI,40,7,3.88
FI,40,8,3.88
FI,40,9,3.88
FI,40,10,3.88
FI,40,11,4.95
FI,40,12,4.95
FI,40,13,4.95
FI,40,14,4.95
FI,40,15,4.95
FI,40,16,5.53
FI,40,17,5.53
FI,40,18,5.53
FI,40,19,5.53
FI,40,20,5.53
FI,40,21,5.65
FI,40,22,5.65
FI,40,23,5.65
FI,40,24,5.65
FI,40,25,5.65
FI,40,26,5.77
FI,40,27,5.77
FI,40,28,5.77
FI,40,29,5.77
FI,40,30,5.77
FI,40,31,6.48
FI,40,32,6.48
FI,40,33,6.48
FI,40,34,6.48
FI,40,35,6.48
FI,40,36,6.48
FI,40,37,6.48
FI,40,38,6.48
FI,40,39,6.48
FI,40,40,6.48
FI,40,41,6.48
FI,40,42,6.48
FI,40,43,6.48
FI,40,44,6.48
FI,40,45,6.48
FI,50,1,2.36
FI,50,2,2.36
FI,50,3,2.36
FI,50,4,2.83
FI,50,5,2.83
FI,50,6,2.83
FI,50,7,3.88
FI,50,8,3.88
FI,50,9,3.88
FI,50,10,3.88
FI,50,11,4.95
FI,50,12,4.95
FI,50,13,4.95
FI,50,14,4.95
FI,50,15,4.95
FI,50,16,5.53
FI,50,17,5.53
FI,50,18,5.53
FI,50,19,5.53
FI,50,20,5.53
FI,50,21,5.65
FI,50,22,5.65
FI,50,23,5.65
FI,50,24,5.65
FI,50,25,5.65
FI,50,26,5.77
FI,50,27,5.77
FI,50,28,5.77
FI,50,29,5.77
FI,50,30,5.77
FI,50,31,6.48
FI,50,32,6.48
FI,50,33,6.48
FI,50,34,6.48
FI,50,35,6.48
FI,50,36,6.48
FI,50,37,6.48
FI,50,38,6.48
FI,50,39,6.48
FI,50,40,6.48
FI,50,41,6.48
FI,50,42,6.48
FI,50,43,6.48
FI,50,44,6.48
FI,50,45,6.48
FI,60,1,1.65
FI,60,2,1.65
FI,60,3,1.65
FI,60,4,2.36
FI,60,5,2.36
FI,60,6,2.36
FI,60,7,3.07
FI,60,8,3.07
FI,60,9,3.07
FI,60,10,3.07
FI,60,11,3.88
FI,60,12,3.88
FI,60,13,3.88
FI,60,14,3.88
FI,60,15,3.88
FI,60,16,4.36
FI,60,17,4.36
FI,60,18,4.36
FI,60,19,4.36
FI,60,20,4.36
FI,60,21,4.59
FI,60,22,4.59
FI,60,23,4.59
FI,60,24,4.59
FI,60,25,4.59
FI,60,26,4.83
FI,60,27,4.83
FI,60,28,4.83
FI,60,29,4.83
FI,60,30,4.83
FI,60,31,5.07
FI,60,32,5.07
FI,60,33,5.07
FI,60,34,5.07
FI,60,35,5.07
FI,60,36,5.07
FI,60,37,5.07
FI,60,38,5.07
FI,60,39,5.07
FI,60,40,5.07
FI,60,41,5.07
FI,60,42,5.07
FI,60,43,5.07
FI,60,44,5.07
FI,60,45,5.07
FI,70,1,1.65
FI,70,2,1.65
FI,70,3,1.65
FI,70,4,2.36
FI,70,5,2.36
FI,70,6,2.36
FI,70,7,3.07
FI,70,8,3.07
FI,70,9,3.07
FI,70,10,3.07
FI,70,11,3.88
FI,70,12,3.88
FI,70,13,3.88
FI,70,14,3.88
FI,70,15,3.88
FI,70,16,4.36
FI,70,17,4.36
FI,70,18,4.36
FI,70,19,4.36
FI,70,20,4.36
FI,70,21,4.59
FI,70,22,4.59
FI,70,23,4.59
FI,70,24,4.59
FI,70,25,4.59
FI,70,26,4.83
FI,70,27,4.83
FI,70,28,4.83
FI,70,29,4.83
FI,70,30,4.83
FI,70,31,5.07
FI,70,32,5.07
FI,70,33,5.07
FI,70,34,5.07
FI,70,35,5.07
FI,70,36,5.07
FI,70,37,5.07
FI,70,38,5.07
FI,70,39,5.07
FI,70,40,5.07
FI,70,41,5.07
FI,70,42,5.07
FI,70,43,5.07
FI,70,44,5.07
FI,70,45,5.07
FI,80,1,1.17
FI,80,2,1.17
FI,80,3,1.17
FI,80,4,1.65
FI,80,5,1.65
FI,80,6,1.65
FI,80,7,2
FI,80,8,2
FI,80,9,2
FI,80,10,2
FI,80,11,2.71
FI,80,12,2.71
FI,80,13,2.71
FI,80,14,2.71
FI,80,15,2.71
FI,80,16,3.41
FI,80,17,3.41
FI,80,18,3.41
FI,80,19,3.41
FI,80,20,3.41
FI,80,21,3.65
FI,80,22,3.65
FI,80,23,3.65
FI,80,24,3.65
FI,80,25,3.65
FI,80,26,3.88
FI,80,27,3.88
FI,80,28,3.88
FI,80,29,3.88
FI,80,30,3.88
FI,80,31,4.12
FI,80,32,4.12
FI,80,33,4.12
FI,80,34,4.12
FI,80,35,4.12
FI,80,36,4.12
FI,80,37,4.12
FI,80,38,4.12
FI,80,39,4.12
FI,80,40,4.12
FI,80,41,4.12
FI,80,42,4.12
FI,80,43,4.12
FI,80,44,4.12
FI,80,45,4.12
FI,90,1,1.17
FI,90,2,1.17
FI,90,3,1.17
FI,90,4,1.65
FI,90,5,1.65
FI,90,6,1.65
FI,90,7,2
FI,90,8,2
FI,90,9,2
FI,90,10,2
FI,90,11,2.71
FI,90,12,2.71
FI,90,13,2.71
FI,90,14,2.71
FI,90,15,2.71
FI,90,16,3.41
FI,90,17,3.41
FI,90,18,3.41
FI,90,19,3.41
FI,90,20,3.41
FI,90,21,3.65
FI,90,22,3.65
FI,90,23,3.65
FI,90,24,3.65
FI,90,25,3.65
FI,90,26,3.88
FI,90,27,3.88
FI,90,28,3.88
FI,90,29,3.88
FI,90,30,3.88
FI,90,31,4.12
FI,90,32,4.12
FI,90,33,4.12
FI,90,34,4.12
FI,90,35,4.12
FI,90,36,4.12
FI,90,37,4.12
FI,90,38,4.12
FI,90,39,4.12
FI,90,40,4.12
FI,90,41,4.12
FI,90,42,4.12
FI,90,43,4.12
FI,90,44,4.12
FI,90,45,4.12
FI,100,1,1.17
FI,100,2,1.17
FI,100,3,1.17
FI,100,4,1.65
FI,100,5,1.65
FI,100,6,1.65
FI,100,7,2
FI,100,8,2
FI,100,9,2
FI,100,10,2
FI,100,11,2.71
FI,100,12,2.71
FI,100,13,2.71
FI,100,14,2.71
FI,100,15,2.71
FI,100,16,3.41
FI,100,17,3.41
FI,100,18,3.41
FI,100,19,3.41
FI,100,20,3.41
FI,100,21,3.65
FI,100,22,3.65
FI,100,23,3.65
FI,100,24,3.65
FI,100,25,3.65
FI,100,26,3.88
FI,100,27,3.88
FI,100,28,3.88
FI,100,29,3.88
FI,100,30,3.88
FI,100,31,4.12
FI,100,32,4.12
FI,100,33,4.12
FI,100,34,4.12
FI,100,35,4.12
FI,100,36,4.12
FI,100,37,4.12
FI,100,38,4.12
FI,100,39,4.12
FI,100,40,4.12
FI,100,41,4.12
FI,100,42,4.12
FI,100,43,4.12
FI,100,44,4.12
FI,100,45,4.12
PL,10,1,3.29
PL,10,2,3.29
PL,10,3,3.29
PL,10,4,3.99
PL,10,5,3.99
PL,10,6,3.99
PL,10,7,4.68
PL,10,8,4.68
PL,10,9,4.68
PL,10,10,4.68
PL,10,11,5.9
PL,10,12,5.9
PL,10,13,5.9
PL,10,14,5.9
PL,10,15,5.9
PL,10,16,6.51
PL,10,17,6.51
PL,10,18,6.51
PL,10,19,6.51
PL,10,20,6.51
PL,10,21,6.6
PL,10,22,6.6
PL,10,23,6.6
PL,10,24,6.6
PL,10,25,6.6
PL,10,26,7.03
PL,10,27,7.03
PL,10,28,7.03
PL,10,29,7.03
PL,10,30,7.03
PL,10,31,7.55
PL,10,32,7.55
PL,10,33,7.55
PL,10,34,7.55
PL,10,35,7.55
PL,10,36,7.55
PL,10,37,7.55
PL,10,38,7.55
PL,10,39,7.55
PL,10,40,7.55
PL,10,41,7.55
PL,10,42,7.55
PL,10,43,7.55
PL,10,44,7.55
PL,10,45,7.55
PL,20,1,2.43
PL,20,2,2.43
PL,20,3,2.43
PL,20,4,3.21
PL,20,5,3.21
PL,20,6,3.21
PL,20,7,3.9
PL,20,8,3.9
PL,20,9,3.9
PL,20,10,3.9
PL,20,11,4.86
PL,20,12,4.86
PL,20,13,4.86
PL,20,14,4.86
PL,20,15,4.86
PL,20,16,5.38
PL,20,17,5.38
PL,20,18,5.38
PL,20,19,5.38
PL,20,20,5.38
PL,20,21,5.47
PL,20,22,5.47
PL,20,23,5.47
PL,20,24,5.47
PL,20,25,5.47
PL,20,26,5.82
PL,20,27,5.82
PL,20,28,5.82
PL,20,29,5.82
PL,20,30,5.82
PL,20,31,6.51
PL,20,32,6.51
PL,20,33,6.51
PL,20,34,6.51
PL,20,35,6.51
PL,20,36,6.51
PL,20,37,6.51
PL,20,38,6.51
PL,20,39,6.51
PL,20,40,6.51
PL,20,41,6.51
PL,20,42,6.51
PL,20,43,6.51
PL,20,44,6.51
PL,20,45,6.51
PL,30,1,2.09
PL,30,2,2.09
PL,30,3,2.09
PL,30,4,2.61
PL,30,5,2.61
PL,30,6,2.61
PL,30,7,3.64
PL,30,8,3.64
PL,30,9,3.64
PL,30,10,3.64
PL,30,11,4.68
PL,30,12,4.68
PL,30,13,4.68
PL,30,14,4.68
PL,30,15,4.68
PL,30,16,5.03
PL,30,17,5.03
PL,30,18,5.03
PL,30,19,5.03
PL,30,20,5.03
PL,30,21,5.12
PL,30,22,5.12
PL,30,23,5.12
PL,30,24,5.12
PL,30,25,5.12
PL,30,26,5.21
PL,30,27,5.21
PL,30,28,5.21
PL,30,29,5.21
PL,30,30,5.21
PL,30,31,5.82
PL,30,32,5.82
PL,30,33,5.82
PL,30,34,5.82
PL,30,35,5.82
PL,30,36,5.82
PL,30,37,5.82
PL,30,38,5.82
PL,30,39,5.82
PL,30,40,5.82
PL,30,41,5.82
PL,30,42,5.82
PL,30,43,5.82
PL,30,44,5.82
PL,30,45,5.82
PL,40,1,1.74
PL,40,2,1.74
PL,40,3,1.74
PL,40,4,2.09
PL,40,5,2.09
PL,40,6,2.09
PL,40,7,2.86
PL,40,8,2.86
PL,40,9,2.86
PL,40,10,2.86
PL,40,11,3.64
PL,40,12,3.64
PL,40,13,3.64
PL,40,14,3.64
PL,40,15,3.64
PL,40,16,4.08
PL,40,17,4.08
PL,40,18,4.08
PL,40,19,4.08
PL,40,20,4.08
PL,40,21,4.16
PL,40,22,4.16
PL,40,23,4.16
PL,40,24,4.16
PL,40,25,4.16
PL,40,26,4.25
PL,40,27,4.25
PL,40,28,4.25
PL,40,29,4.25
PL,40,30,4.25
PL,40,31,4.77
PL,40,32,4.77
PL,40,33,4.77
PL,40,34,4.77
PL,40,35,4.77
PL,40,36,4.77
PL,40,37,4.77
PL,40,38,4.77
PL,40,39,4.77
PL,40,40,4.77
PL,40,41,4.77
PL,40,42,4.77
PL,40,43,4.77
PL,40,44,4.77
PL,40,45,4.77
PL,50,1,1.74
PL,50,2,1.74
PL,50,3,1.74
PL,50,4,2.09
PL,50,5,2.09
PL,50,6,2.09
PL,50,7,2.86
PL,50,8,2.86
PL,50,9,2.86
PL,50,10,2.86
PL,50,11,3.64
PL,50,12,3.64
PL,50,13,3.64
PL,50,14,3.64
PL,50,15,3.64
PL,50,16,4.08
PL,50,17,4.08
PL,50,18,4.08
PL,50,19,4.08
PL,50,20,4.08
PL,50,21,4.16
PL,50,22,4.16
PL,50,23,4.16
PL,50,24,4.16
PL,50,25,4.16
PL,50,26,4.25
PL,50,27,4.25
PL,50,28,4.25
PL,50,29,4.25
PL,50,30,4.25
PL,50,31,4.77
PL,50,32,4.77
PL,50,33,4.77
PL,50,34,4.77
PL,50,35,4.77
PL,50,36,4.77
PL,50,37,4.77
PL,50,38,4.77
PL,50,39,4.77
PL,50,40,4.77
PL,50,41,4.77
PL,50,42,4.77
PL,50,43,4.77
PL,50,44,4.77
PL,50,45,4.77
PL,60,1,1.22
PL,60,2,1.22
PL,60,3,1.22
PL,60,4,1.74
PL,60,5,1.74
PL,60,6,1.74
PL,60,7,2.26
PL,60,8,2.26
PL,60,9,2.26
PL,60,10,2.26
PL,60,11,2.86
PL,60,12,2.86
PL,60,13,2.86
PL,60,14,2.86
PL,60,15,2.86
PL,60,16,3.21
PL,60,17,3.21
PL,60,18,3.21
PL,60,19,3.21
PL,60,20,3.21
PL,60,21,3.38
PL,60,22,3.38
PL,60,23,3.38
PL,60,24,3.38
PL,60,25,3.38
PL,60,26,3.55
PL,60,27,3.55
PL,60,28,3.55
PL,60,29,3.55
PL,60,30,3.55
PL,60,31,3.73
PL,60,32,3.73
PL,60,33,3.73
PL,60,34,3.73
PL,60,35,3.73
PL,60,36,3.73
PL,60,37,3.73
PL,60,38,3.73
PL,60,39,3.73
PL,60,40,3.73
PL,60,41,3.73
PL,60,42,3.73
PL,60,43,3.73
PL,60,44,3.73
PL,60,45,3.73
PL,70,1,1.22
PL,70,2,1.22
PL,70,3,1.22
PL,70,4,1.74
PL,70,5,1.74
PL,70,6,1.74
PL,70,7,2.26
PL,70,8,2.26
PL,70,9,2.26
PL,70,10,2.26
PL,70,11,2.86
PL,70,12,2.86
PL,70,13,2.86
PL,70,14,2.86
PL,70,15,2.86
PL,70,16,3.21
PL,70,17,3.21
PL,70,18,3.21
PL,70,19,3.21
PL,70,20,3.21
PL,70,21,3.38
PL,70,22,3.38
PL,70,23,3.38
PL,70,24,3.38
PL,70,25,3.38
PL,70,26,3.55
PL,70,27,3.55
PL,70,28,3.55
PL,70,29,3.55
PL,70,30,3.55
PL,70,31,3.73
PL,70,32,3.73
PL,70,33,3.73
PL,70,34,3.73
PL,70,35,3.73
PL,70,36,3.73
PL,70,37,3.73
PL,70,38,3.73
PL,70,39,3.73
PL,70,40,3.73
PL,70,41,3.73
PL,70,42,3.73
PL,70,43,3.73
PL,70,44,3.73
PL,70,45,3.73
PL,80,1,0.87
PL,80,2,0.87
PL,80,3,0.87
PL,80,4,1.22
PL,80,5,1.22
PL,80,6,1.22
PL,80,7,1.48
PL,80,8,1.48
PL,80,9,1.48
PL,80,10,1.48
PL,80,11,2
PL,80,12,2
PL,80,13,2
PL,80,14,2
PL,80,15,2
PL,80,16,2.52
PL,80,17,2.52
PL,80,18,2.52
PL,80,19,2.52
PL,80,20,2.52
PL,80,21,2.7
PL,80,22,2.7
PL,80,23,2.7
PL,80,24,2.7
PL,80,25,2.7
PL,80,26,2.86
PL,80,27,2.86
PL,80,28,2.86
PL,80,29,2.86
PL,80,30,2.86
PL,80,31,3.03
PL,80,32,3.03
PL,80,33,3.03
PL,80,34,3.03
PL,80,35,3.03
PL,80,36,3.03
PL,80,37,3.03
PL,80,38,3.03
PL,80,39,3.03
PL,80,40,3.03
PL,80,41,3.03
PL,80,42,3.03
PL,80,43,3.03
PL,80,44,3.03
PL,80,45,3.03
PL,90,1,0.87
PL,90,2,0.87
PL,90,3,0.87
PL,90,4,1.22
PL,90,5,1.22
PL,90,6,1.22
PL,90,7,1.48
PL,90,8,1.48
PL,90,9,1.48
PL,90,10,1.48
PL,90,11,2
PL,90,12,2
PL,90,13,2
PL,90,14,2
PL,90,15,2
PL,90,16,2.52
PL,90,17,2.52
PL,90,18,2.52
PL,90,19,2.52
PL,90,20,2.52
PL,90,21,2.7
PL,90,22,2.7
PL,90,23,2.7
PL,90,24,2.7
PL,90,25,2.7
PL,90,26,2.86
PL,90,27,2.86
PL,90,28,2.86
PL,90,29,2.86
PL,90,30,2.86
PL,90,31,3.03
PL,90,32,3.03
PL,90,33,3.03
PL,90,34,3.03
PL,90,35,3.03
PL,90,36,3.03
PL,90,37,3.03
PL,90,38,3.03
PL,90,39,3.03
PL,90,40,3.03
PL,90,41,3.03
PL,90,42,3.03
PL,90,43,3.03
PL,90,44,3.03
PL,90,45,3.03
PL,100,1,0.87
PL,100,2,0.87
PL,100,3,0.87
PL,100,4,1.22
PL,100,5,1.22
PL,100,6,1.22
PL,100,7,1.48
PL,100,8,1.48
PL,100,9,1.48
PL,100,10,1.48
PL,100,11,2
PL,100,12,2
PL,100,13,2
PL,100,14,2
PL,100,15,2
PL,100,16,2.52
PL,100,17,2.52
PL,100,18,2.52
PL,100,19,2.52
PL,100,20,2.52
PL,100,21,2.7
PL,100,22,2.7
PL,100,23,2.7
PL,100,24,2.7
PL,100,25,2.7
PL,100,26,2.86
PL,100,27,2.86
PL,100,28,2.86
PL,100,29,2.86
PL,100,30,2.86
PL,100,31,3.03
PL,100,32,3.03
PL,100,33,3.03
PL,100,34,3.03
PL,100,35,3.03
PL,100,36,3.03
PL,100,37,3.03
PL,100,38,3.03
PL,100,39,3.03
PL,100,40,3.03
PL,100,41,3.03
PL,100,42,3.03
PL,100,43,3.03
PL,100,44,3.03
PL,100,45,3.03
IN,10,1,3.68
IN,10,2,3.68
IN,10,3,3.68
IN,10,4,4.46
IN,10,5,4.46
IN,10,6,4.46
IN,10,7,5.23
IN,10,8,5.23
IN,10,9,5.23
IN,10,10,5.23
IN,10,11,6.59
IN,10,12,6.59
IN,10,13,6.59
IN,10,14,6.59
IN,10,15,6.59
IN,10,16,7.26
IN,10,17,7.26
IN,10,18,7.26
IN,10,19,7.26
IN,10,20,7.26
IN,10,21,7.36
IN,10,22,7.36
IN,10,23,7.36
IN,10,24,7.36
IN,10,25,7.36
IN,10,26,7.85
IN,10,27,7.85
IN,10,28,7.85
IN,10,29,7.85
IN,10,30,7.85
IN,10,31,8.42
IN,10,32,8.42
IN,10,33,8.42
IN,10,34,8.42
IN,10,35,8.42
IN,10,36,8.42
IN,10,37,8.42
IN,10,38,8.42
IN,10,39,8.42
IN,10,40,8.42
IN,10,41,8.42
IN,10,42,8.42
IN,10,43,8.42
IN,10,44,8.42
IN,10,45,8.42
IN,20,1,2.72
IN,20,2,2.72
IN,20,3,2.72
IN,20,4,3.59
IN,20,5,3.59
IN,20,6,3.59
IN,20,7,4.36
IN,20,8,4.36
IN,20,9,4.36
IN,20,10,4.36
IN,20,11,5.42
IN,20,12,5.42
IN,20,13,5.42
IN,20,14,5.42
IN,20,15,5.42
IN,20,16,6.01
IN,20,17,6.01
IN,20,18,6.01
IN,20,19,6.01
IN,20,20,6.01
IN,20,21,6.1
IN,20,22,6.1
IN,20,23,6.1
IN,20,24,6.1
IN,20,25,6.1
IN,20,26,6.49
IN,20,27,6.49
IN,20,28,6.49
IN,20,29,6.49
IN,20,30,6.49
IN,20,31,7.26
IN,20,32,7.26
IN,20,33,7.26
IN,20,34,7.26
IN,20,35,7.26
IN,20,36,7.26
IN,20,37,7.26
IN,20,38,7.26
IN,20,39,7.26
IN,20,40,7.26
IN,20,41,7.26
IN,20,42,7.26
IN,20,43,7.26
IN,20,44,7.26
IN,20,45,7.26
IN,30,1,2.33
IN,30,2,2.33
IN,30,3,2.33
IN,30,4,2.9
IN,30,5,2.9
IN,30,6,2.9
IN,30,7,4.07
IN,30,8,4.07
IN,30,9,4.07
IN,30,10,4.07
IN,30,11,5.23
IN,30,12,5.23
IN,30,13,5.23
IN,30,14,5.23
IN,30,15,5.23
IN,30,16,5.62
IN,30,17,5.62
IN,30,18,5.62
IN,30,19,5.62
IN,30,20,5.62
IN,30,21,5.72
IN,30,22,5.72
IN,30,23,5.72
IN,30,24,5.72
IN,30,25,5.72
IN,30,26,5.82
IN,30,27,5.82
IN,30,28,5.82
IN,30,29,5.82
IN,30,30,5.82
IN,30,31,6.49
IN,30,32,6.49
IN,30,33,6.49
IN,30,34,6.49
IN,30,35,6.49
IN,30,36,6.49
IN,30,37,6.49
IN,30,38,6.49
IN,30,39,6.49
IN,30,40,6.49
IN,30,41,6.49
IN,30,42,6.49
IN,30,43,6.49
IN,30,44,6.49
IN,30,45,6.49
IN,40,1,1.93
IN,40,2,1.93
IN,40,3,1.93
IN,40,4,2.33
IN,40,5,2.33
IN,40,6,2.33
IN,40,7,3.2
IN,40,8,3.2
IN,40,9,3.2
IN,40,10,3.2
IN,40,11,4.07
IN,40,12,4.07
IN,40,13,4.07
IN,40,14,4.07
IN,40,15,4.07
IN,40,16,4.55
IN,40,17,4.55
IN,40,18,4.55
IN,40,19,4.55
IN,40,20,4.55
IN,40,21,4.65
IN,40,22,4.65
IN,40,23,4.65
IN,40,24,4.65
IN,40,25,4.65
IN,40,26,4.75
IN,40,27,4.75
IN,40,28,4.75
IN,40,29,4.75
IN,40,30,4.75
IN,40,31,5.33
IN,40,32,5.33
IN,40,33,5.33
IN,40,34,5.33
IN,40,35,5.33
IN,40,36,5.33
IN,40,37,5.33
IN,40,38,5.33
IN,40,39,5.33
IN,40,40,5.33
IN,40,41,5.33
IN,40,42,5.33
IN,40,43,5.33
IN,40,44,5.33
IN,40,45,5.33
IN,50,1,1.93
IN,50,2,1.93
IN,50,3,1.93
IN,50,4,2.33
IN,50,5,2.33
IN,50,6,2.33
IN,50,7,3.2
IN,50,8,3.2
IN,50,9,3.2
IN,50,10,3.2
IN,50,11,4.07
IN,50,12,4.07
IN,50,13,4.07
IN,50,14,4.07
IN,50,15,4.07
IN,50,16,4.55
IN,50,17,4.55
IN,50,18,4.55
IN,50,19,4.55
IN,50,20,4.55
IN,50,21,4.65
IN,50,22,4.65
IN,50,23,4.65
IN,50,24,4.65
IN,50,25,4.65
IN,50,26,4.75
IN,50,27,4.75
IN,50,28,4.75
IN,50,29,4.75
IN,50,30,4.75
IN,50,31,5.33
IN,50,32,5.33
IN,50,33,5.33
IN,50,34,5.33
IN,50,35,5.33
IN,50,36,5.33
IN,50,37,5.33
IN,50,38,5.33
IN,50,39,5.33
IN,50,40,5.33
IN,50,41,5.33
IN,50,42,5.33
IN,50,43,5.33
IN,50,44,5.33
IN,50,45,5.33
IN,60,1,1.36
IN,60,2,1.36
IN,60,3,1.36
IN,60,4,1.93
IN,60,5,1.93
IN,60,6,1.93
IN,60,7,2.52
IN,60,8,2.52
IN,60,9,2.52
IN,60,10,2.52
IN,60,11,3.2
IN,60,12,3.2
IN,60,13,3.2
IN,60,14,3.2
IN,60,15,3.2
IN,60,16,3.59
IN,60,17,3.59
IN,60,18,3.59
IN,60,19,3.59
IN,60,20,3.59
IN,60,21,3.78
IN,60,22,3.78
IN,60,23,3.78
IN,60,24,3.78
IN,60,25,3.78
IN,60,26,3.97
IN,60,27,3.97
IN,60,28,3.97
IN,60,29,3.97
IN,60,30,3.97
IN,60,31,4.16
IN,60,32,4.16
IN,60,33,4.16
IN,60,34,4.16
IN,60,35,4.16
IN,60,36,4.16
IN,60,37,4.16
IN,60,38,4.16
IN,60,39,4.16
IN,60,40,4.16
IN,60,41,4.16
IN,60,42,4.16
IN,60,43,4.16
IN,60,44,4.16
IN,60,45,4.16
IN,70,1,1.36
IN,70,2,1.36
IN,70,3,1.36
IN,70,4,1.93
IN,70,5,1.93
IN,70,6,1.93
IN,70,7,2.52
IN,70,8,2.52
IN,70,9,2.52
IN,70,10,2.52
IN,70,11,3.2
IN,70,12,3.2
IN,70,13,3.2
IN,70,14,3.2
IN,70,15,3.2
IN,70,16,3.59
IN,70,17,3.59
IN,70,18,3.59
IN,70,19,3.59
IN,70,20,3.59
IN,70,21,3.78
IN,70,22,3.78
IN,70,23,3.78
IN,70,24,3.78
IN,70,25,3.78
IN,70,26,3.97
IN,70,27,3.97
IN,70,28,3.97
IN,70,29,3.97
IN,70,30,3.97
IN,70,31,4.16
IN,70,32,4.16
IN,70,33,4.16
IN,70,34,4.16
IN,70,35,4.16
IN,70,36,4.16
IN,70,37,4.16
IN,70,38,4.16
IN,70,39,4.16
IN,70,40,4.16
IN,70,41,4.16
IN,70,42,4.16
IN,70,43,4.16
IN,70,44,4.16
IN,70,45,4.16
IN,80,1,0.97
IN,80,2,0.97
IN,80,3,0.97
IN,80,4,1.36
IN,80,5,1.36
IN,80,6,1.36
IN,80,7,1.65
IN,80,8,1.65
IN,80,9,1.65
IN,80,10,1.65
IN,80,11,2.23
IN,80,12,2.23
IN,80,13,2.23
IN,80,14,2.23
IN,80,15,2.23
IN,80,16,2.8
IN,80,17,2.8
IN,80,18,2.8
IN,80,19,2.8
IN,80,20,2.8
IN,80,21,3
IN,80,22,3
IN,80,23,3
IN,80,24,3
IN,80,25,3
IN,80,26,3.2
IN,80,27,3.2
IN,80,28,3.2
IN,80,29,3.2
IN,80,30,3.2
IN,80,31,3.39
IN,80,32,3.39
IN,80,33,3.39
IN,80,34,3.39
IN,80,35,3.39
IN,80,36,3.39
IN,80,37,3.39
IN,80,38,3.39
IN,80,39,3.39
IN,80,40,3.39
IN,80,41,3.39
IN,80,42,3.39
IN,80,43,3.39
IN,80,44,3.39
IN,80,45,3.39
IN,90,1,0.97
IN,90,2,0.97
IN,90,3,0.97
IN,90,4,1.36
IN,90,5,1.36
IN,90,6,1.36
IN,90,7,1.65
IN,90,8,1.65
IN,90,9,1.65
IN,90,10,1.65
IN,90,11,2.23
IN,90,12,2.23
IN,90,13,2.23
IN,90,14,2.23
IN,90,15,2.23
IN,90,16,2.8
IN,90,17,2.8
IN,90,18,2.8
IN,90,19,2.8
IN,90,20,2.8
IN,90,21,3
IN,90,22,3
IN,90,23,3
IN,90,24,3
IN,90,25,3
IN,90,26,3.2
IN,90,27,3.2
IN,90,28,3.2
IN,90,29,3.2
IN,90,30,3.2
IN,90,31,3.39
IN,90,32,3.39
IN,90,33,3.39
IN,90,34,3.39
IN,90,35,3.39
IN,90,36,3.39
IN,90,37,3.39
IN,90,38,3.39
IN,90,39,3.39
IN,90,40,3.39
IN,90,41,3.39
IN,90,42,3.39
IN,90,43,3.39
IN,90,44,3.39
IN,90,45,3.39
IN,100,1,0.97
IN,100,2,0.97
IN,100,3,0.97
IN,100,4,1.36
IN,100,5,1.36
IN,100,6,1.36
IN,100,7,1.65
IN,100,8,1.65
IN,100,9,1.65
IN,100,10,1.65
IN,100,11,2.23
IN,100,12,2.23
IN,100,13,2.23
IN,100,14,2.23
IN,100,15,2.23
IN,100,16,2.8
IN,100,17,2.8
IN,100,18,2.8
IN,100,19,2.8
IN,100,20,2.8
IN,100,21,3
IN,100,22,3
IN,100,23,3
IN,100,24,3
IN,100,25,3
IN,100,26,3.2
IN,100,27,3.2
IN,100,28,3.2
IN,100,29,3.2
IN,100,30,3.2
IN,100,31,3.39
IN,100,32,3.39
IN,100,33,3.39
IN,100,34,3.39
IN,100,35,3.39
IN,100,36,3.39
IN,100,37,3.39
IN,100,38,3.39
IN,100,39,3.39
IN,100,40,3.39
IN,100,41,3.39
IN,100,42,3.39
IN,100,43,3.39
IN,100,44,3.39
IN,100,45,3.39
CN,10,1,3.11
CN,10,2,3.11
CN,10,3,3.11
CN,10,4,3.76
CN,10,5,3.76
CN,10,6,3.76
CN,10,7,4.42
CN,10,8,4.42
CN,10,9,4.42
CN,10,10,4.42
CN,10,11,5.57
CN,10,12,5.57
CN,10,13,5.57
CN,10,14,5.57
CN,10,15,5.57
CN,10,16,6.14
CN,10,17,6.14
CN,10,18,6.14
CN,10,19,6.14
CN,10,20,6.14
CN,10,21,6.22
CN,10,22,6.22
CN,10,23,6.22
CN,10,24,6.22
CN,10,25,6.22
CN,10,26,6.63
CN,10,27,6.63
CN,10,28,6.63
CN,10,29,6.63
CN,10,30,6.63
CN,10,31,7.12
CN,10,32,7.12
CN,10,33,7.12
CN,10,34,7.12
CN,10,35,7.12
CN,10,36,7.12
CN,10,37,7.12
CN,10,38,7.12
CN,10,39,7.12
CN,10,40,7.12
CN,10,41,7.12
CN,10,42,7.12
CN,10,43,7.12
CN,10,44,7.12
CN,10,45,7.12
CN,20,1,2.29
CN,20,2,2.29
CN,20,3,2.29
CN,20,4,3.03
CN,20,5,3.03
CN,20,6,3.03
CN,20,7,3.68
CN,20,8,3.68
CN,20,9,3.68
CN,20,10,3.68
CN,20,11,4.59
CN,20,12,4.59
CN,20,13,4.59
CN,20,14,4.59
CN,20,15,4.59
CN,20,16,5.08
CN,20,17,5.08
CN,20,18,5.08
CN,20,19,5.08
CN,20,20,5.08
CN,20,21,5.15
CN,20,22,5.15
CN,20,23,5.15
CN,20,24,5.15
CN,20,25,5.15
CN,20,26,5.48
CN,20,27,5.48
CN,20,28,5.48
CN,20,29,5.48
CN,20,30,5.48
CN,20,31,6.14
CN,20,32,6.14
CN,20,33,6.14
CN,20,34,6.14
CN,20,35,6.14
CN,20,36,6.14
CN,20,37,6.14
CN,20,38,6.14
CN,20,39,6.14
CN,20,40,6.14
CN,20,41,6.14
CN,20,42,6.14
CN,20,43,6.14
CN,20,44,6.14
CN,20,45,6.14
CN,30,1,1.97
CN,30,2,1.97
CN,30,3,1.97
CN,30,4,2.46
CN,30,5,2.46
CN,30,6,2.46
CN,30,7,3.43
CN,30,8,3.43
CN,30,9,3.43
CN,30,10,3.43
CN,30,11,4.42
CN,30,12,4.42
CN,30,13,4.42
CN,30,14,4.42
CN,30,15,4.42
CN,30,16,4.75
CN,30,17,4.75
CN,30,18,4.75
CN,30,19,4.75
CN,30,20,4.75
CN,30,21,4.83
CN,30,22,4.83
CN,30,23,4.83
CN,30,24,4.83
CN,30,25,4.83
CN,30,26,4.91
CN,30,27,4.91
CN,30,28,4.91
CN,30,29,4.91
CN,30,30,4.91
CN,30,31,5.48
CN,30,32,5.48
CN,30,33,5.48
CN,30,34,5.48
CN,30,35,5.48
CN,30,36,5.48
CN,30,37,5.48
CN,30,38,5.48
CN,30,39,5.48
CN,30,40,5.48
CN,30,41,5.48
CN,30,42,5.48
CN,30,43,5.48
CN,30,44,5.48
CN,30,45,5.48
CN,40,1,1.64
CN,40,2,1.64
CN,40,3,1.64
CN,40,4,1.97
CN,40,5,1.97
CN,40,6,1.97
CN,40,7,2.7
CN,40,8,2.7
CN,40,9,2.7
CN,40,10,2.7
CN,40,11,3.43
CN,40,12,3.43
CN,40,13,3.43
CN,40,14,3.43
CN,40,15,3.43
CN,40,16,3.85
CN,40,17,3.85
CN,40,18,3.85
CN,40,19,3.85
CN,40,20,3.85
CN,40,21,3.92
CN,40,22,3.92
CN,40,23,3.92
CN,40,24,3.92
CN,40,25,3.92
CN,40,26,4.01
CN,40,27,4.01
CN,40,28,4.01
CN,40,29,4.01
CN,40,30,4.01
CN,40,31,4.5
CN,40,32,4.5
CN,40,33,4.5
CN,40,34,4.5
CN,40,35,4.5
CN,40,36,4.5
CN,40,37,4.5
CN,40,38,4.5
CN,40,39,4.5
CN,40,40,4.5
CN,40,41,4.5
CN,40,42,4.5
CN,40,43,4.5
CN,40,44,4.5
CN,40,45,4.5
CN,50,1,1.64
CN,50,2,1.64
CN,50,3,1.64
CN,50,4,1.97
CN,50,5,1.97
CN,50,6,1.97
CN,50,7,2.7
CN,50,8,2.7
CN,50,9,2.7
CN,50,10,2.7
CN,50,11,3.43
CN,50,12,3.43
CN,50,13,3.43
CN,50,14,3.43
CN,50,15,3.43
CN,50,16,3.85
CN,50,17,3.85
CN,50,18,3.85
CN,50,19,3.85
CN,50,20,3.85
CN,50,21,3.92
CN,50,22,3.92
CN,50,23,3.92
CN,50,24,3.92
CN,50,25,3.92
CN,50,26,4.01
CN,50,27,4.01
CN,50,28,4.01
CN,50,29,4.01
CN,50,30,4.01
CN,50,31,4.5
CN,50,32,4.5
CN,50,33,4.5
CN,50,34,4.5
CN,50,35,4.5
CN,50,36,4.5
CN,50,37,4.5
CN,50,38,4.5
CN,50,39,4.5
CN,50,40,4.5
CN,50,41,4.5
CN,50,42,4.5
CN,50,43,4.5
CN,50,44,4.5
CN,50,45,4.5
CN,60,1,1.14
CN,60,2,1.14
CN,60,3,1.14
CN,60,4,1.64
CN,60,5,1.64
CN,60,6,1.64
CN,60,7,2.13
CN,60,8,2.13
CN,60,9,2.13
CN,60,10,2.13
CN,60,11,2.7
CN,60,12,2.7
CN,60,13,2.7
CN,60,14,2.7
CN,60,15,2.7
CN,60,16,3.03
CN,60,17,3.03
CN,60,18,3.03
CN,60,19,3.03
CN,60,20,3.03
CN,60,21,3.2
CN,60,22,3.2
CN,60,23,3.2
CN,60,24,3.2
CN,60,25,3.2
CN,60,26,3.36
CN,60,27,3.36
CN,60,28,3.36
CN,60,29,3.36
CN,60,30,3.36
CN,60,31,3.52
CN,60,32,3.52
CN,60,33,3.52
CN,60,34,3.52
CN,60,35,3.52
CN,60,36,3.52
CN,60,37,3.52
CN,60,38,3.52
CN,60,39,3.52
CN,60,40,3.52
CN,60,41,3.52
CN,60,42,3.52
CN,60,43,3.52
CN,60,44,3.52
CN,60,45,3.52
CN,70,1,1.14
CN,70,2,1.14
CN,70,3,1.14
CN,70,4,1.64
CN,70,5,1.64
CN,70,6,1.64
CN,70,7,2.13
CN,70,8,2.13
CN,70,9,2.13
CN,70,10,2.13
CN,70,11,2.7
CN,70,12,2.7
CN,70,13,2.7
CN,70,14,2.7
CN,70,15,2.7
CN,70,16,3.03
CN,70,17,3.03
CN,70,18,3.03
CN,70,19,3.03
CN,70,20,3.03
CN,70,21,3.2
CN,70,22,3.2
CN,70,23,3.2
CN,70,24,3.2
CN,70,25,3.2
CN,70,26,3.36
CN,70,27,3.36
CN,70,28,3.36
CN,70,29,3.36
CN,70,30,3.36
CN,70,31,3.52
CN,70,32,3.52
CN,70,33,3.52
CN,70,34,3.52
CN,70,35,3.52
CN,70,36,3.52
CN,70,37,3.52
CN,70,38,3.52
CN,70,39,3.52
CN,70,40,3.52
CN,70,41,3.52
CN,70,42,3.52
CN,70,43,3.52
CN,70,44,3.52
CN,70,45,3.52
CN,80,1,0.82
CN,80,2,0.82
CN,80,3,0.82
CN,80,4,1.14
CN,80,5,1.14
CN,80,6,1.14
CN,80,7,1.39
CN,80,8,1.39
CN,80,9,1.39
CN,80,10,1.39
CN,80,11,1.88
CN,80,12,1.88
CN,80,13,1.88
CN,80,14,1.88
CN,80,15,1.88
CN,80,16,2.37
CN,80,17,2.37
CN,80,18,2.37
CN,80,19,2.37
CN,80,20,2.37
CN,80,21,2.53
CN,80,22,2.53
CN,80,23,2.53
CN,80,24,2.53
CN,80,25,2.53
CN,80,26,2.7
CN,80,27,2.7
CN,80,28,2.7
CN,80,29,2.7
CN,80,30,2.7
CN,80,31,2.86
CN,80,32,2.86
CN,80,33,2.86
CN,80,34,2.86
CN,80,35,2.86
CN,80,36,2.86
CN,80,37,2.86
CN,80,38,2.86
CN,80,39,2.86
CN,80,40,2.86
CN,80,41,2.86
CN,80,42,2.86
CN,80,43,2.86
CN,80,44,2.86
CN,80,45,2.86
CN,90,1,0.82
CN,90,2,0.82
CN,90,3,0.82
CN,90,4,1.14
CN,90,5,1.14
CN,90,6,1.14
CN,90,7,1.39
CN,90,8,1.39
CN,90,9,1.39
CN,90,10,1.39
CN,90,11,1.88
CN,90,12,1.88
CN,90,13,1.88
CN,90,14,1.88
CN,90,15,1.88
CN,90,16,2.37
CN,90,17,2.37
CN,90,18,2.37
CN,90,19,2.37
CN,90,20,2.37
CN,90,21,2.53
CN,90,22,2.53
CN,90,23,2.53
CN,90,24,2.53
CN,90,25,2.53
CN,90,26,2.7
CN,90,27,2.7
CN,90,28,2.7
CN,90,29,2.7
CN,90,30,2.7
CN,90,31,2.86
CN,90,32,2.86
CN,90,33,2.86
CN,90,34,2.86
CN,90,35,2.86
CN,90,36,2.86
CN,90,37,2.86
CN,90,38,2.86
CN,90,39,2.86
CN,90,40,2.86
CN,90,41,2.86
CN,90,42,2.86
CN,90,43,2.86
CN,90,44,2.86
CN,90,45,2.86
CN,100,1,0.82
CN,100,2,0.82
CN,100,3,0.82
CN,100,4,1.14
CN,100,5,1.14
CN,100,6,1.14
CN,100,7,1.39
CN,100,8,1.39
CN,100,9,1.39
CN,100,10,1.39
CN,100,11,1.88
CN,100,12,1.88
CN,100,13,1.88
CN,100,14,1.88
CN,100,15,1.88
CN,100,16,2.37
CN,100,17,2.37
CN,100,18,2.37
CN,100,19,2.37
CN,100,20,2.37
CN,100,21,2.53
CN,100,22,2.53
CN,100,23,2.53
CN,100,24,2.53
CN,100,25,2.53
CN,100,26,2.7
CN,100,27,2.7
CN,100,28,2.7
CN,100,29,2.7
CN,100,30,2.7
CN,100,31,2.86
CN,100,32,2.86
CN,100,33,2.86
CN,100,34,2.86
CN,100,35,2.86
CN,100,36,2.86
CN,100,37,2.86
CN,100,38,2.86
CN,100,39,2.86
CN,100,40,2.86
CN,100,41,2.86
CN,100,42,2.86
CN,100,43,2.86
CN,100,44,2.86
CN,100,45,2.86
JP,10,1,4.21
JP,10,2,4.21
JP,10,3,4.21
JP,10,4,5.1
JP,10,5,5.1
JP,10,6,5.1
JP,10,7,5.99
JP,10,8,5.99
JP,10,9,5.99
JP,10,10,5.99
JP,10,11,7.53
JP,10,12,7.53
JP,10,13,7.53
JP,10,14,7.53
JP,10,15,7.53
JP,10,16,8.32
JP,10,17,8.32
JP,10,18,8.32
JP,10,19,8.32
JP,10,20,8.32
JP,10,21,8.42
JP,10,22,8.42
JP,10,23,8.42
JP,10,24,8.42
JP,10,25,8.42
JP,10,26,8.98
JP,10,27,8.98
JP,10,28,8.98
JP,10,29,8.98
JP,10,30,8.98
JP,10,31,9.64
JP,10,32,9.64
JP,10,33,9.64
JP,10,34,9.64
JP,10,35,9.64
JP,10,36,9.64
JP,10,37,9.64
JP,10,38,9.64
JP,10,39,9.64
JP,10,40,9.64
JP,10,41,9.64
JP,10,42,9.64
JP,10,43,9.64
JP,10,44,9.64
JP,10,45,9.64
JP,20,1,3.1
JP,20,2,3.1
JP,20,3,3.1
JP,20,4,4.1
JP,20,5,4.1
JP,20,6,4.1
JP,20,7,4.99
JP,20,8,4.99
JP,20,9,4.99
JP,20,10,4.99
JP,20,11,6.21
JP,20,12,6.21
JP,20,13,6.21
JP,20,14,6.21
JP,20,15,6.21
JP,20,16,6.87
JP,20,17,6.87
JP,20,18,6.87
JP,20,19,6.87
JP,20,20,6.87
JP,20,21,6.98
JP,20,22,6.98
JP,20,23,6.98
JP,20,24,6.98
JP,20,25,6.98
JP,20,26,7.42
JP,20,27,7.42
JP,20,28,7.42
JP,20,29,7.42
JP,20,30,7.42
JP,20,31,8.32
JP,20,32,8.32
JP,20,33,8.32
JP,20,34,8.32
JP,20,35,8.32
JP,20,36,8.32
JP,20,37,8.32
JP,20,38,8.32
JP,20,39,8.32
JP,20,40,8.32
JP,20,41,8.32
JP,20,42,8.32
JP,20,43,8.32
JP,20,44,8.32
JP,20,45,8.32
JP,30,1,2.66
JP,30,2,2.66
JP,30,3,2.66
JP,30,4,3.33
JP,30,5,3.33
JP,30,6,3.33
JP,30,7,4.65
JP,30,8,4.65
JP,30,9,4.65
JP,30,10,4.65
JP,30,11,5.99
JP,30,12,5.99
JP,30,13,5.99
JP,30,14,5.99
JP,30,15,5.99
JP,30,16,6.42
JP,30,17,6.42
JP,30,18,6.42
JP,30,19,6.42
JP,30,20,6.42
JP,30,21,6.53
JP,30,22,6.53
JP,30,23,6.53
JP,30,24,6.53
JP,30,25,6.53
JP,30,26,6.65
JP,30,27,6.65
JP,30,28,6.65
JP,30,29,6.65
JP,30,30,6.65
JP,30,31,7.42
JP,30,32,7.42
JP,30,33,7.42
JP,30,34,7.42
JP,30,35,7.42
JP,30,36,7.42
JP,30,37,7.42
JP,30,38,7.42
JP,30,39,7.42
JP,30,40,7.42
JP,30,41,7.42
JP,30,42,7.42
JP,30,43,7.42
JP,30,44,7.42
JP,30,45,7.42
JP,40,1,2.22
JP,40,2,2.22
JP,40,3,2.22
JP,40,4,2.66
JP,40,5,2.66
JP,40,6,2.66
JP,40,7,3.65
JP,40,8,3.65
JP,40,9,3.65
JP,40,10,3.65
JP,40,11,4.65
JP,40,12,4.65
JP,40,13,4.65
JP,40,14,4.65
JP,40,15,4.65
JP,40,16,5.21
JP,40,17,5.21
JP,40,18,5.21
JP,40,19,5.21
JP,40,20,5.21
JP,40,21,5.32
JP,40,22,5.32
JP,40,23,5.32
JP,40,24,5.32
JP,40,25,5.32
JP,40,26,5.43
JP,40,27,5.43
JP,40,28,5.43
JP,40,29,5.43
JP,40,30,5.43
JP,40,31,6.1
JP,40,32,6.1
JP,40,33,6.1
JP,40,34,6.1
JP,40,35,6.1
JP,40,36,6.1
JP,40,37,6.1
JP,40,38,6.1
JP,40,39,6.1
JP,40,40,6.1
JP,40,41,6.1
JP,40,42,6.1
JP,40,43,6.1
JP,40,44,6.1
JP,40,45,6.1
JP,50,1,2.22
JP,50,2,2.22
JP,50,3,2.22
JP,50,4,2.66
JP,50,5,2.66
JP,50,6,2.66
JP,50,7,3.65
JP,50,8,3.65
JP,50,9,3.65
JP,50,10,3.65
JP,50,11,4.65
JP,50,12,4.65
JP,50,13,4.65
JP,50,14,4.65
JP,50,15,4.65
JP,50,16,5.21
JP,50,17,5.21
JP,50,18,5.21
JP,50,19,5.21
JP,50,20,5.21
JP,50,21,5.32
JP,50,22,5.32
JP,50,23,5.32
JP,50,24,5.32
JP,50,25,5.32
JP,50,26,5.43
JP,50,27,5.43
JP,50,28,5.43
JP,50,29,5.43
JP,50,30,5.43
JP,50,31,6.1
JP,50,32,6.1
JP,50,33,6.1
JP,50,34,6.1
JP,50,35,6.1
JP,50,36,6.1
JP,50,37,6.1
JP,50,38,6.1
JP,50,39,6.1
JP,50,40,6.1
JP,50,41,6.1
JP,50,42,6.1
JP,50,43,6.1
JP,50,44,6.1
JP,50,45,6.1
JP,60,1,1.55
JP,60,2,1.55
JP,60,3,1.55
JP,60,4,2.22
JP,60,5,2.22
JP,60,6,2.22
JP,60,7,2.88
JP,60,8,2.88
JP,60,9,2.88
JP,60,10,2.88
JP,60,11,3.65
JP,60,12,3.65
JP,60,13,3.65
JP,60,14,3.65
JP,60,15,3.65
JP,60,16,4.1
JP,60,17,4.1
JP,60,18,4.1
JP,60,19,4.1
JP,60,20,4.1
JP,60,21,4.33
JP,60,22,4.33
JP,60,23,4.33
JP,60,24,4.33
JP,60,25,4.33
JP,60,26,4.54
JP,60,27,4.54
JP,60,28,4.54
JP,60,29,4.54
JP,60,30,4.54
JP,60,31,4.76
JP,60,32,4.76
JP,60,33,4.76
JP,60,34,4.76
JP,60,35,4.76
JP,60,36,4.76
JP,60,37,4.76
JP,60,38,4.76
JP,60,39,4.76
JP,60,40,4.76
JP,60,41,4.76
JP,60,42,4.76
JP,60,43,4.76
JP,60,44,4.76
JP,60,45,4.76
JP,70,1,1.55
JP,70,2,1.55
JP,70,3,1.55
JP,70,4,2.22
JP,70,5,2.22
JP,70,6,2.22
JP,70,7,2.88
JP,70,8,2.88
JP,70,9,2.88
JP,70,10,2.88
JP,70,11,3.65
JP,70,12,3.65
JP,70,13,3.65
JP,70,14,3.65
JP,70,15,3.65
JP,70,16,4.1
JP,70,17,4.1
JP,70,18,4.1
JP,70,19,4.1
JP,70,20,4.1
JP,70,21,4.33
JP,70,22,4.33
JP,70,23,4.33
JP,70,24,4.33
JP,70,25,4.33
JP,70,26,4.54
JP,70,27,4.54
JP,70,28,4.54
JP,70,29,4.54
JP,70,30,4.54
JP,70,31,4.76
JP,70,32,4.76
JP,70,33,4.76
JP,70,34,4.76
JP,70,35,4.76
JP,70,36,4.76
JP,70,37,4.76
JP,70,38,4.76
JP,70,39,4.76
JP,70,40,4.76
JP,70,41,4.76
JP,70,42,4.76
JP,70,43,4.76
JP,70,44,4.76
JP,70,45,4.76
JP,80,1,1.11
JP,80,2,1.11
JP,80,3,1.11
JP,80,4,1.55
JP,80,5,1.55
JP,80,6,1.55
JP,80,7,1.88
JP,80,8,1.88
JP,80,9,1.88
JP,80,10,1.88
JP,80,11,2.54
JP,80,12,2.54
JP,80,13,2.54
JP,80,14,2.54
JP,80,15,2.54
JP,80,16,3.22
JP,80,17,3.22
JP,80,18,3.22
JP,80,19,3.22
JP,80,20,3.22
JP,80,21,3.43
JP,80,22,3.43
JP,80,23,3.43
JP,80,24,3.43
JP,80,25,3.43
JP,80,26,3.65
JP,80,27,3.65
JP,80,28,3.65
JP,80,29,3.65
JP,80,30,3.65
JP,80,31,3.88
JP,80,32,3.88
JP,80,33,3.88
JP,80,34,3.88
JP,80,35,3.88
JP,80,36,3.88
JP,80,37,3.88
JP,80,38,3.88
JP,80,39,3.88
JP,80,40,3.88
JP,80,41,3.88
JP,80,42,3.88
JP,80,43,3.88
JP,80,44,3.88
JP,80,45,3.88
JP,90,1,1.11
JP,90,2,1.11
JP,90,3,1.11
JP,90,4,1.55
JP,90,5,1.55
JP,90,6,1.55
JP,90,7,1.88
JP,90,8,1.88
JP,90,9,1.88
JP,90,10,1.88
JP,90,11,2.54
JP,90,12,2.54
JP,90,13,2.54
JP,90,14,2.54
JP,90,15,2.54
JP,90,16,3.22
JP,90,17,3.22
JP,90,18,3.22
JP,90,19,3.22
JP,90,20,3.22
JP,90,21,3.43
JP,90,22,3.43
JP,90,23,3.43
JP,90,24,3.43
JP,90,25,3.43
JP,90,26,3.65
JP,90,27,3.65
JP,90,28,3.65
JP,90,29,3.65
JP,90,30,3.65
JP,90,31,3.88
JP,90,32,3.88
JP,90,33,3.88
JP,90,34,3.88
JP,90,35,3.88
JP,90,36,3.88
JP,90,37,3.88
JP,90,38,3.88
JP,90,39,3.88
JP,90,40,3.88
JP,90,41,3.88
JP,90,42,3.88
JP,90,43,3.88
JP,90,44,3.88
JP,90,45,3.88
JP,100,1,1.11
JP,100,2,1.11
JP,100,3,1.11
JP,100,4,1.55
JP,100,5,1.55
JP,100,6,1.55
JP,100,7,1.88
JP,100,8,1.88
JP,100,9,1.88
JP,100,10,1.88
JP,100,11,2.54
JP,100,12,2.54
JP,100,13,2.54
JP,100,14,2.54
JP,100,15,2.54
JP,100,16,3.22
JP,100,17,3.22
JP,100,18,3.22
JP,100,19,3.22
JP,100,20,3.22
JP,100,21,3.43
JP,100,22,3.43
JP,100,23,3.43
JP,100,24,3.43
JP,100,25,3.43
JP,100,26,3.65
JP,100,27,3.65
JP,100,28,3.65
JP,100,29,3.65
JP,100,30,3.65
JP,100,31,3.88
JP,100,32,3.88
JP,100,33,3.88
JP,100,34,3.88
JP,100,35,3.88
JP,100,36,3.88
JP,100,37,3.88
JP,100,38,3.88
JP,100,39,3.88
JP,100,40,3.88
JP,100,41,3.88
JP,100,42,3.88
JP,100,43,3.88
JP,100,44,3.88
JP,100,45,3.88
KR,10,1,4.49
KR,10,2,4.49
KR,10,3,4.49
KR,10,4,5.43
KR,10,5,5.43
KR,10,6,5.43
KR,10,7,6.38
KR,10,8,6.38
KR,10,9,6.38
KR,10,10,6.38
KR,10,11,8.03
KR,10,12,8.03
KR,10,13,8.03
KR,10,14,8.03
KR,10,15,8.03
KR,10,16,8.86
KR,10,17,8.86
KR,10,18,8.86
KR,10,19,8.86
KR,10,20,8.86
KR,10,21,8.98
KR,10,22,8.98
KR,10,23,8.98
KR,10,24,8.98
KR,10,25,8.98
KR,10,26,9.57
KR,10,27,9.57
KR,10,28,9.57
KR,10,29,9.57
KR,10,30,9.57
KR,10,31,10.27
KR,10,32,10.27
KR,10,33,10.27
KR,10,34,10.27
KR,10,35,10.27
KR,10,36,10.27
KR,10,37,10.27
KR,10,38,10.27
KR,10,39,10.27
KR,10,40,10.27
KR,10,41,10.27
KR,10,42,10.27
KR,10,43,10.27
KR,10,44,10.27
KR,10,45,10.27
KR,20,1,3.3
KR,20,2,3.3
KR,20,3,3.3
KR,20,4,4.37
KR,20,5,4.37
KR,20,6,4.37
KR,20,7,5.32
KR,20,8,5.32
KR,20,9,5.32
KR,20,10,5.32
KR,20,11,6.61
KR,20,12,6.61
KR,20,13,6.61
KR,20,14,6.61
KR,20,15,6.61
KR,20,16,7.33
KR,20,17,7.33
KR,20,18,7.33
KR,20,19,7.33
KR,20,20,7.33
KR,20,21,7.45
KR,20,22,7.45
KR,20,23,7.45
KR,20,24,7.45
KR,20,25,7.45
KR,20,26,7.91
KR,20,27,7.91
KR,20,28,7.91
KR,20,29,7.91
KR,20,30,7.91
KR,20,31,8.86
KR,20,32,8.86
KR,20,33,8.86
KR,20,34,8.86
KR,20,35,8.86
KR,20,36,8.86
KR,20,37,8.86
KR,20,38,8.86
KR,20,39,8.86
KR,20,40,8.86
KR,20,41,8.86
KR,20,42,8.86
KR,20,43,8.86
KR,20,44,8.86
KR,20,45,8.86
KR,30,1,2.84
KR,30,2,2.84
KR,30,3,2.84
KR,30,4,3.54
KR,30,5,3.54
KR,30,6,3.54
KR,30,7,4.96
KR,30,8,4.96
KR,30,9,4.96
KR,30,10,4.96
KR,30,11,6.38
KR,30,12,6.38
KR,30,13,6.38
KR,30,14,6.38
KR,30,15,6.38
KR,30,16,6.85
KR,30,17,6.85
KR,30,18,6.85
KR,30,19,6.85
KR,30,20,6.85
KR,30,21,6.97
KR,30,22,6.97
KR,30,23,6.97
KR,30,24,6.97
KR,30,25,6.97
KR,30,26,7.09
KR,30,27,7.09
KR,30,28,7.09
KR,30,29,7.09
KR,30,30,7.09
KR,30,31,7.91
KR,30,32,7.91
KR,30,33,7.91
KR,30,34,7.91
KR,30,35,7.91
KR,30,36,7.91
KR,30,37,7.91
KR,30,38,7.91
KR,30,39,7.91
KR,30,40,7.91
KR,30,41,7.91
KR,30,42,7.91
KR,30,43,7.91
KR,30,44,7.91
KR,30,45,7.91
KR,40,1,2.36
KR,40,2,2.36
KR,40,3,2.36
KR,40,4,2.84
KR,40,5,2.84
KR,40,6,2.84
KR,40,7,3.9
KR,40,8,3.9
KR,40,9,3.9
KR,40,10,3.9
KR,40,11,4.96
KR,40,12,4.96
KR,40,13,4.96
KR,40,14,4.96
KR,40,15,4.96
KR,40,16,5.55
KR,40,17,5.55
KR,40,18,5.55
KR,40,19,5.55
KR,40,20,5.55
KR,40,21,5.67
KR,40,22,5.67
KR,40,23,5.67
KR,40,24,5.67
KR,40,25,5.67
KR,40,26,5.78
KR,40,27,5.78
KR,40,28,5.78
KR,40,29,5.78
KR,40,30,5.78
KR,40,31,6.5
KR,40,32,6.5
KR,40,33,6.5
KR,40,34,6.5
KR,40,35,6.5
KR,40,36,6.5
KR,40,37,6.5
KR,40,38,6.5
KR,40,39,6.5
KR,40,40,6.5
KR,40,41,6.5
KR,40,42,6.5
KR,40,43,6.5
KR,40,44,6.5
KR,40,45,6.5
KR,50,1,2.36
KR,50,2,2.36
KR,50,3,2.36
KR,50,4,2.84
KR,50,5,2.84
KR,50,6,2.84
KR,50,7,3.9
KR,50,8,3.9
KR,50,9,3.9
KR,50,10,3.9
KR,50,11,4.96
KR,50,12,4.96
KR,50,13,4.96
KR,50,14,4.96
KR,50,15,4.96
KR,50,16,5.55
KR,50,17,5.55
KR,50,18,5.55
KR,50,19,5.55
KR,50,20,5.55
KR,50,21,5.67
KR,50,22,5.67
KR,50,23,5.67
KR,50,24,5.67
KR,50,25,5.67
KR,50,26,5.78
KR,50,27,5.78
KR,50,28,5.78
KR,50,29,5.78
KR,50,30,5.78
KR,50,31,6.5
KR,50,32,6.5
KR,50,33,6.5
KR,50,34,6.5
KR,50,35,6.5
KR,50,36,6.5
KR,50,37,6.5
KR,50,38,6.5
KR,50,39,6.5
KR,50,40,6.5
KR,50,41,6.5
KR,50,42,6.5
KR,50,43,6.5
KR,50,44,6.5
KR,50,45,6.5
KR,60,1,1.65
KR,60,2,1.65
KR,60,3,1.65
KR,60,4,2.36
KR,60,5,2.36
KR,60,6,2.36
KR,60,7,3.07
KR,60,8,3.07
KR,60,9,3.07
KR,60,10,3.07
KR,60,11,3.9
KR,60,12,3.9
KR,60,13,3.9
KR,60,14,3.9
KR,60,15,3.9
KR,60,16,4.37
KR,60,17,4.37
KR,60,18,4.37
KR,60,19,4.37
KR,60,20,4.37
KR,60,21,4.61
KR,60,22,4.61
KR,60,23,4.61
KR,60,24,4.61
KR,60,25,4.61
KR,60,26,4.84
KR,60,27,4.84
KR,60,28,4.84
KR,60,29,4.84
KR,60,30,4.84
KR,60,31,5.08
KR,60,32,5.08
KR,60,33,5.08
KR,60,34,5.08
KR,60,35,5.08
KR,60,36,5.08
KR,60,37,5.08
KR,60,38,5.08
KR,60,39,5.08
KR,60,40,5.08
KR,60,41,5.08
KR,60,42,5.08
KR,60,43,5.08
KR,60,44,5.08
KR,60,45,5.08
KR,70,1,1.65
KR,70,2,1.65
KR,70,3,1.65
KR,70,4,2.36
KR,70,5,2.36
KR,70,6,2.36
KR,70,7,3.07
KR,70,8,3.07
KR,70,9,3.07
KR,70,10,3.07
KR,70,11,3.9
KR,70,12,3.9
KR,70,13,3.9
KR,70,14,3.9
KR,70,15,3.9
KR,70,16,4.37
KR,70,17,4.37
KR,70,18,4.37
KR,70,19,4.37
KR,70,20,4.37
KR,70,21,4.61
KR,70,22,4.61
KR,70,23,4.61
KR,70,24,4.61
KR,70,25,4.61
KR,70,26,4.84
KR,70,27,4.84
KR,70,28,4.84
KR,70,29,4.84
KR,70,30,4.84
KR,70,31,5.08
KR,70,32,5.08
KR,70,33,5.08
KR,70,34,5.08
KR,70,35,5.08
KR,70,36,5.08
KR,70,37,5.08
KR,70,38,5.08
KR,70,39,5.08
KR,70,40,5.08
KR,70,41,5.08
KR,70,42,5.08
KR,70,43,5.08
KR,70,44,5.08
KR,70,45,5.08
KR,80,1,1.18
KR,80,2,1.18
KR,80,3,1.18
KR,80,4,1.65
KR,80,5,1.65
KR,80,6,1.65
KR,80,7,2.01
KR,80,8,2.01
KR,80,9,2.01
KR,80,10,2.01
KR,80,11,2.72
KR,80,12,2.72
KR,80,13,2.72
KR,80,14,2.72
KR,80,15,2.72
KR,80,16,3.42
KR,80,17,3.42
KR,80,18,3.42
KR,80,19,3.42
KR,80,20,3.42
KR,80,21,3.66
KR,80,22,3.66
KR,80,23,3.66
KR,80,24,3.66
KR,80,25,3.66
KR,80,26,3.9
KR,80,27,3.9
KR,80,28,3.9
KR,80,29,3.9
KR,80,30,3.9
KR,80,31,4.13
KR,80,32,4.13
KR,80,33,4.13
KR,80,34,4.13
KR,80,35,4.13
KR,80,36,4.13
KR,80,37,4.13
KR,80,38,4.13
KR,80,39,4.13
KR,80,40,4.13
KR,80,41,4.13
KR,80,42,4.13
KR,80,43,4.13
KR,80,44,4.13
KR,80,45,4.13
KR,90,1,1.18
KR,90,2,1.18
KR,90,3,1.18
KR,90,4,1.65
KR,90,5,1.65
KR,90,6,1.65
KR,90,7,2.01
KR,90,8,2.01
KR,90,9,2.01
KR,90,10,2.01
KR,90,11,2.72
KR,90,12,2.72
KR,90,13,2.72
KR,90,14,2.72
KR,90,15,2.72
KR,90,16,3.42
KR,90,17,3.42
KR,90,18,3.42
KR,90,19,3.42
KR,90,20,3.42
KR,90,21,3.66
KR,90,22,3.66
KR,90,23,3.66
KR,90,24,3.66
KR,90,25,3.66
KR,90,26,3.9
KR,90,27,3.9
KR,90,28,3.9
KR,90,29,3.9
KR,90,30,3.9
KR,90,31,4.13
KR,90,32,4.13
KR,90,33,4.13
KR,90,34,4.13
KR,90,35,4.13
KR,90,36,4.13
KR,90,37,4.13
KR,90,38,4.13
KR,90,39,4.13
KR,90,40,4.13
KR,90,41,4.13
KR,90,42,4.13
KR,90,43,4.13
KR,90,44,4.13
KR,90,45,4.13
KR,100,1,1.18
KR,100,2,1.18
KR,100,3,1.18
KR,100,4,1.65
KR,100,5,1.65
KR,100,6,1.65
KR,100,7,2.01
KR,100,8,2.01
KR,100,9,2.01
KR,100,10,2.01
KR,100,11,2.72
KR,100,12,2.72
KR,100,13,2.72
KR,100,14,2.72
KR,100,15,2.72
KR,100,16,3.42
KR,100,17,3.42
KR,100,18,3.42
KR,100,19,3.42
KR,100,20,3.42
KR,100,21,3.66
KR,100,22,3.66
KR,100,23,3.66
KR,100,24,3.66
KR,100,25,3.66
KR,100,26,3.9
KR,100,27,3.9
KR,100,28,3.9
KR,100,29,3.9
KR,100,30,3.9
KR,100,31,4.13
KR,100,32,4.13
KR,100,33,4.13
KR,100,34,4.13
KR,100,35,4.13
KR,100,36,4.13
KR,100,37,4.13
KR,100,38,4.13
KR,100,39,4.13
KR,100,40,4.13
KR,100,41,4.13
KR,100,42,4.13
KR,100,43,4.13
KR,100,44,4.13
KR,100,45,4.13
SG,10,1,6.46
SG,10,2,6.46
SG,10,3,6.46
SG,10,4,7.82
SG,10,5,7.82
SG,10,6,7.82
SG,10,7,9.17
SG,10,8,9.17
SG,10,9,9.17
SG,10,10,9.17
SG,10,11,11.55
SG,10,12,11.55
SG,10,13,11.55
SG,10,14,11.55
SG,10,15,11.55
SG,10,16,12.74
SG,10,17,12.74
SG,10,18,12.74
SG,10,19,12.74
SG,10,20,12.74
SG,10,21,12.91
SG,10,22,12.91
SG,10,23,12.91
SG,10,24,12.91
SG,10,25,12.91
SG,10,26,13.76
SG,10,27,13.76
SG,10,28,13.76
SG,10,29,13.76
SG,10,30,13.76
SG,10,31,14.78
SG,10,32,14.78
SG,10,33,14.78
SG,10,34,14.78
SG,10,35,14.78
SG,10,36,14.78
SG,10,37,14.78
SG,10,38,14.78
SG,10,39,14.78
SG,10,40,14.78
SG,10,41,14.78
SG,10,42,14.78
SG,10,43,14.78
SG,10,44,14.78
SG,10,45,14.78
SG,20,1,4.76
SG,20,2,4.76
SG,20,3,4.76
SG,20,4,6.28
SG,20,5,6.28
SG,20,6,6.28
SG,20,7,7.64
SG,20,8,7.64
SG,20,9,7.64
SG,20,10,7.64
SG,20,11,9.51
SG,20,12,9.51
SG,20,13,9.51
SG,20,14,9.51
SG,20,15,9.51
SG,20,16,10.53
SG,20,17,10.53
SG,20,18,10.53
SG,20,19,10.53
SG,20,20,10.53
SG,20,21,10.71
SG,20,22,10.71
SG,20,23,10.71
SG,20,24,10.71
SG,20,25,10.71
SG,20,26,11.38
SG,20,27,11.38
SG,20,28,11.38
SG,20,29,11.38
SG,20,30,11.38
SG,20,31,12.74
SG,20,32,12.74
SG,20,33,12.74
SG,20,34,12.74
SG,20,35,12.74
SG,20,36,12.74
SG,20,37,12.74
SG,20,38,12.74
SG,20,39,12.74
SG,20,40,12.74
SG,20,41,12.74
SG,20,42,12.74
SG,20,43,12.74
SG,20,44,12.74
SG,20,45,12.74
SG,30,1,4.08
SG,30,2,4.08
SG,30,3,4.08
SG,30,4,5.1
SG,30,5,5.1
SG,30,6,5.1
SG,30,7,7.14
SG,30,8,7.14
SG,30,9,7.14
SG,30,10,7.14
SG,30,11,9.17
SG,30,12,9.17
SG,30,13,9.17
SG,30,14,9.17
SG,30,15,9.17
SG,30,16,9.86
SG,30,17,9.86
SG,30,18,9.86
SG,30,19,9.86
SG,30,20,9.86
SG,30,21,10.02
SG,30,22,10.02
SG,30,23,10.02
SG,30,24,10.02
SG,30,25,10.02
SG,30,26,10.2
SG,30,27,10.2
SG,30,28,10.2
SG,30,29,10.2
SG,30,30,10.2
SG,30,31,11.38
SG,30,32,11.38
SG,30,33,11.38
SG,30,34,11.38
SG,30,35,11.38
SG,30,36,11.38
SG,30,37,11.38
SG,30,38,11.38
SG,30,39,11.38
SG,30,40,11.38
SG,30,41,11.38
SG,30,42,11.38
SG,30,43,11.38
SG,30,44,11.38
SG,30,45,11.38
SG,40,1,3.4
SG,40,2,3.4
SG,40,3,3.4
SG,40,4,4.08
SG,40,5,4.08
SG,40,6,4.08
SG,40,7,5.61
SG,40,8,5.61
SG,40,9,5.61
SG,40,10,5.61
SG,40,11,7.14
SG,40,12,7.14
SG,40,13,7.14
SG,40,14,7.14
SG,40,15,7.14
SG,40,16,7.99
SG,40,17,7.99
SG,40,18,7.99
SG,40,19,7.99
SG,40,20,7.99
SG,40,21,8.15
SG,40,22,8.15
SG,40,23,8.15
SG,40,24,8.15
SG,40,25,8.15
SG,40,26,8.33
SG,40,27,8.33
SG,40,28,8.33
SG,40,29,8.33
SG,40,30,8.33
SG,40,31,9.35
SG,40,32,9.35
SG,40,33,9.35
SG,40,34,9.35
SG,40,35,9.35
SG,40,36,9.35
SG,40,37,9.35
SG,40,38,9.35
SG,40,39,9.35
SG,40,40,9.35
SG,40,41,9.35
SG,40,42,9.35
SG,40,43,9.35
SG,40,44,9.35
SG,40,45,9.35
SG,50,1,3.4
SG,50,2,3.4
SG,50,3,3.4
SG,50,4,4.08
SG,50,5,4.08
SG,50,6,4.08
SG,50,7,5.61
SG,50,8,5.61
SG,50,9,5.61
SG,50,10,5.61
SG,50,11,7.14
SG,50,12,7.14
SG,50,13,7.14
SG,50,14,7.14
SG,50,15,7.14
SG,50,16,7.99
SG,50,17,7.99
SG,50,18,7.99
SG,50,19,7.99
SG,50,20,7.99
SG,50,21,8.15
SG,50,22,8.15
SG,50,23,8.15
SG,50,24,8.15
SG,50,25,8.15
SG,50,26,8.33
SG,50,27,8.33
SG,50,28,8.33
SG,50,29,8.33
SG,50,30,8.33
SG,50,31,9.35
SG,50,32,9.35
SG,50,33,9.35
SG,50,34,9.35
SG,50,35,9.35
SG,50,36,9.35
SG,50,37,9.35
SG,50,38,9.35
SG,50,39,9.35
SG,50,40,9.35
SG,50,41,9.35
SG,50,42,9.35
SG,50,43,9.35
SG,50,44,9.35
SG,50,45,9.35
SG,60,1,2.38
SG,60,2,2.38
SG,60,3,2.38
SG,60,4,3.4
SG,60,5,3.4
SG,60,6,3.4
SG,60,7,4.41
SG,60,8,4.41
SG,60,9,4.41
SG,60,10,4.41
SG,60,11,5.61
SG,60,12,5.61
SG,60,13,5.61
SG,60,14,5.61
SG,60,15,5.61
SG,60,16,6.28
SG,60,17,6.28
SG,60,18,6.28
SG,60,19,6.28
SG,60,20,6.28
SG,60,21,6.63
SG,60,22,6.63
SG,60,23,6.63
SG,60,24,6.63
SG,60,25,6.63
SG,60,26,6.97
SG,60,27,6.97
SG,60,28,6.97
SG,60,29,6.97
SG,60,30,6.97
SG,60,31,7.3
SG,60,32,7.3
SG,60,33,7.3
SG,60,34,7.3
SG,60,35,7.3
SG,60,36,7.3
SG,60,37,7.3
SG,60,38,7.3
SG,60,39,7.3
SG,60,40,7.3
SG,60,41,7.3
SG,60,42,7.3
SG,60,43,7.3
SG,60,44,7.3
SG,60,45,7.3
SG,70,1,2.38
SG,70,2,2.38
SG,70,3,2.38
SG,70,4,3.4
SG,70,5,3.4
SG,70,6,3.4
SG,70,7,4.41
SG,70,8,4.41
SG,70,9,4.41
SG,70,10,4.41
SG,70,11,5.61
SG,70,12,5.61
SG,70,13,5.61
SG,70,14,5.61
SG,70,15,5.61
SG,70,16,6.28
SG,70,17,6.28
SG,70,18,6.28
SG,70,19,6.28
SG,70,20,6.28
SG,70,21,6.63
SG,70,22,6.63
SG,70,23,6.63
SG,70,24,6.63
SG,70,25,6.63
SG,70,26,6.97
SG,70,27,6.97
SG,70,28,6.97
SG,70,29,6.97
SG,70,30,6.97
SG,70,31,7.3
SG,70,32,7.3
SG,70,33,7.3
SG,70,34,7.3
SG,70,35,7.3
SG,70,36,7.3
SG,70,37,7.3
SG,70,38,7.3
SG,70,39,7.3
SG,70,40,7.3
SG,70,41,7.3
SG,70,42,7.3
SG,70,43,7.3
SG,70,44,7.3
SG,70,45,7.3
SG,80,1,1.7
SG,80,2,1.7
SG,80,3,1.7
SG,80,4,2.38
SG,80,5,2.38
SG,80,6,2.38
SG,80,7,2.89
SG,80,8,2.89
SG,80,9,2.89
SG,80,10,2.89
SG,80,11,3.91
SG,80,12,3.91
SG,80,13,3.91
SG,80,14,3.91
SG,80,15,3.91
SG,80,16,4.92
SG,80,17,4.92
SG,80,18,4.92
SG,80,19,4.92
SG,80,20,4.92
SG,80,21,5.27
SG,80,22,5.27
SG,80,23,5.27
SG,80,24,5.27
SG,80,25,5.27
SG,80,26,5.61
SG,80,27,5.61
SG,80,28,5.61
SG,80,29,5.61
SG,80,30,5.61
SG,80,31,5.95
SG,80,32,5.95
SG,80,33,5.95
SG,80,34,5.95
SG,80,35,5.95
SG,80,36,5.95
SG,80,37,5.95
SG,80,38,5.95
SG,80,39,5.95
SG,80,40,5.95
SG,80,41,5.95
SG,80,42,5.95
SG,80,43,5.95
SG,80,44,5.95
SG,80,45,5.95
SG,90,1,1.7
SG,90,2,1.7
SG,90,3,1.7
SG,90,4,2.38
SG,90,5,2.38
SG,90,6,2.38
SG,90,7,2.89
SG,90,8,2.89
SG,90,9,2.89
SG,90,10,2.89
SG,90,11,3.91
SG,90,12,3.91
SG,90,13,3.91
SG,90,14,3.91
SG,90,15,3.91
SG,90,16,4.92
SG,90,17,4.92
SG,90,18,4.92
SG,90,19,4.92
SG,90,20,4.92
SG,90,21,5.27
SG,90,22,5.27
SG,90,23,5.27
SG,90,24,5.27
SG,90,25,5.27
SG,90,26,5.61
SG,90,27,5.61
SG,90,28,5.61
SG,90,29,5.61
SG,90,30,5.61
SG,90,31,5.95
SG,90,32,5.95
SG,90,33,5.95
SG,90,34,5.95
SG,90,35,5.95
SG,90,36,5.95
SG,90,37,5.95
SG,90,38,5.95
SG,90,39,5.95
SG,90,40,5.95
SG,90,41,5.95
SG,90,42,5.95
SG,90,43,5.95
SG,90,44,5.95
SG,90,45,5.95
SG,100,1,1.7
SG,100,2,1.7
SG,100,3,1.7
SG,100,4,2.38
SG,100,5,2.38
SG,100,6,2.38
SG,100,7,2.89
SG,100,8,2.89
SG,100,9,2.89
SG,100,10,2.89
SG,100,11,3.91
SG,100,12,3.91
SG,100,13,3.91
SG,100,14,3.91
SG,100,15,3.91
SG,100,16,4.92
SG,100,17,4.92
SG,100,18,4.92
SG,100,19,4.92
SG,100,20,4.92
SG,100,21,5.27
SG,100,22,5.27
SG,100,23,5.27
SG,100,24,5.27
SG,100,25,5.27
SG,100,26,5.61
SG,100,27,5.61
SG,100,28,5.61
SG,100,29,5.61
SG,100,30,5.61
SG,100,31,5.95
SG,100,32,5.95
SG,100,33,5.95
SG,100,34,5.95
SG,100,35,5.95
SG,100,36,5.95
SG,100,37,5.95
SG,100,38,5.95
SG,100,39,5.95
SG,100,40,5.95
SG,100,41,5.95
SG,100,42,5.95
SG,100,43,5.95
SG,100,44,5.95
SG,100,45,5.95
ID,10,1,4.6
ID,10,2,4.6
ID,10,3,4.6
ID,10,4,5.57
ID,10,5,5.57
ID,10,6,5.57
ID,10,7,6.53
ID,10,8,6.53
ID,10,9,6.53
ID,10,10,6.53
ID,10,11,8.23
ID,10,12,8.23
ID,10,13,8.23
ID,10,14,8.23
ID,10,15,8.23
ID,10,16,9.08
ID,10,17,9.08
ID,10,18,9.08
ID,10,19,9.08
ID,10,20,9.08
ID,10,21,9.2
ID,10,22,9.2
ID,10,23,9.2
ID,10,24,9.2
ID,10,25,9.2
ID,10,26,9.8
ID,10,27,9.8
ID,10,28,9.8
ID,10,29,9.8
ID,10,30,9.8
ID,10,31,10.53
ID,10,32,10.53
ID,10,33,10.53
ID,10,34,10.53
ID,10,35,10.53
ID,10,36,10.53
ID,10,37,10.53
ID,10,38,10.53
ID,10,39,10.53
ID,10,40,10.53
ID,10,41,10.53
ID,10,42,10.53
ID,10,43,10.53
ID,10,44,10.53
ID,10,45,10.53
ID,20,1,3.39
ID,20,2,3.39
ID,20,3,3.39
ID,20,4,4.48
ID,20,5,4.48
ID,20,6,4.48
ID,20,7,5.45
ID,20,8,5.45
ID,20,9,5.45
ID,20,10,5.45
ID,20,11,6.78
ID,20,12,6.78
ID,20,13,6.78
ID,20,14,6.78
ID,20,15,6.78
ID,20,16,7.5
ID,20,17,7.5
ID,20,18,7.5
ID,20,19,7.5
ID,20,20,7.5
ID,20,21,7.63
ID,20,22,7.63
ID,20,23,7.63
ID,20,24,7.63
ID,20,25,7.63
ID,20,26,8.11
ID,20,27,8.11
ID,20,28,8.11
ID,20,29,8.11
ID,20,30,8.11
ID,20,31,9.08
ID,20,32,9.08
ID,20,33,9.08
ID,20,34,9.08
ID,20,35,9.08
ID,20,36,9.08
ID,20,37,9.08
ID,20,38,9.08
ID,20,39,9.08
ID,20,40,9.08
ID,20,41,9.08
ID,20,43,9.08
ID,20,44,9.08
ID,20,45,9.08
ID,30,1,2.9
ID,30,2,2.9
ID,30,3,2.9
ID,30,4,3.63
ID,30,5,3.63
ID,30,6,3.63
ID,30,7,5.09
ID,30,8,5.09
ID,30,9,5.09
ID,30,10,5.09
ID,30,11,6.53
ID,30,12,6.53
ID,30,13,6.53
ID,30,14,6.53
ID,30,15,6.53
ID,30,16,7.02
ID,30,17,7.02
ID,30,18,7.02
ID,30,19,7.02
ID,30,20,7.02
ID,30,21,7.14
ID,30,22,7.14
ID,30,23,7.14
ID,30,24,7.14
ID,30,25,7.14
ID,30,26,7.26
ID,30,27,7.26
ID,30,28,7.26
ID,30,29,7.26
ID,30,30,7.26
ID,30,31,8.11
ID,30,32,8.11
ID,30,33,8.11
ID,30,34,8.11
ID,30,35,8.11
ID,30,36,8.11
ID,30,37,8.11
ID,30,38,8.11
ID,30,39,8.11
ID,30,40,8.11
ID,30,41,8.11
ID,30,42,8.11
ID,30,43,8.11
ID,30,44,8.11
ID,30,45,8.11
ID,40,1,2.42
ID,40,2,2.42
ID,40,3,2.42
ID,40,4,2.9
ID,40,5,2.9
ID,40,6,2.9
ID,40,7,3.99
ID,40,8,3.99
ID,40,9,3.99
ID,40,10,3.99
ID,40,11,5.09
ID,40,12,5.09
ID,40,13,5.09
ID,40,14,5.09
ID,40,15,5.09
ID,40,16,5.68
ID,40,17,5.68
ID,40,18,5.68
ID,40,19,5.68
ID,40,20,5.68
ID,40,21,5.82
ID,40,22,5.82
ID,40,23,5.82
ID,40,24,5.82
ID,40,25,5.82
ID,40,26,5.93
ID,40,27,5.93
ID,40,28,5.93
ID,40,29,5.93
ID,40,30,5.93
ID,40,31,6.65
ID,40,32,6.65
ID,40,33,6.65
ID,40,34,6.65
ID,40,35,6.65
ID,40,36,6.65
ID,40,37,6.65
ID,40,38,6.65
ID,40,39,6.65
ID,40,40,6.65
ID,40,41,6.65
ID,40,42,6.65
ID,40,43,6.65
ID,40,44,6.65
ID,40,45,6.65
ID,50,1,2.42
ID,50,2,2.42
ID,50,3,2.42
ID,50,4,2.9
ID,50,5,2.9
ID,50,6,2.9
ID,50,7,3.99
ID,50,8,3.99
ID,50,9,3.99
ID,50,10,3.99
ID,50,11,5.09
ID,50,12,5.09
ID,50,13,5.09
ID,50,14,5.09
ID,50,15,5.09
ID,50,16,5.68
ID,50,17,5.68
ID,50,18,5.68
ID,50,19,5.68
ID,50,20,5.68
ID,50,21,5.82
ID,50,22,5.82
ID,50,23,5.82
ID,50,24,5.82
ID,50,25,5.82
ID,50,26,5.93
ID,50,27,5.93
ID,50,28,5.93
ID,50,29,5.93
ID,50,30,5.93
ID,50,31,6.65
ID,50,32,6.65
ID,50,33,6.65
ID,50,34,6.65
ID,50,35,6.65
ID,50,36,6.65
ID,50,37,6.65
ID,50,38,6.65
ID,50,39,6.65
ID,50,40,6.65
ID,50,41,6.65
ID,50,42,6.65
ID,50,43,6.65
ID,50,44,6.65
ID,50,45,6.65
ID,60,1,1.7
ID,60,2,1.7
ID,60,3,1.7
ID,60,4,2.42
ID,60,5,2.42
ID,60,6,2.42
ID,60,7,3.15
ID,60,8,3.15
ID,60,9,3.15
ID,60,10,3.15
ID,60,11,3.99
ID,60,12,3.99
ID,60,13,3.99
ID,60,14,3.99
ID,60,15,3.99
ID,60,16,4.48
ID,60,17,4.48
ID,60,18,4.48
ID,60,19,4.48
ID,60,20,4.48
ID,60,21,4.72
ID,60,22,4.72
ID,60,23,4.72
ID,60,24,4.72
ID,60,25,4.72
ID,60,26,4.97
ID,60,27,4.97
ID,60,28,4.97
ID,60,29,4.97
ID,60,30,4.97
ID,60,31,5.21
ID,60,32,5.21
ID,60,33,5.21
ID,60,34,5.21
ID,60,35,5.21
ID,60,36,5.21
ID,60,37,5.21
ID,60,38,5.21
ID,60,39,5.21
ID,60,40,5.21
ID,60,41,5.21
ID,60,42,5.21
ID,60,43,5.21
ID,60,44,5.21
ID,60,45,5.21
ID,70,1,1.7
ID,70,2,1.7
ID,70,3,1.7
ID,70,4,2.42
ID,70,5,2.42
ID,20,42,9.08
ID,70,6,2.42
ID,70,7,3.15
ID,70,8,3.15
ID,70,9,3.15
ID,70,10,3.15
ID,70,11,3.99
ID,70,12,3.99
ID,70,13,3.99
ID,70,14,3.99
ID,70,15,3.99
ID,70,16,4.48
ID,70,17,4.48
ID,70,18,4.48
ID,70,19,4.48
ID,70,20,4.48
ID,70,21,4.72
ID,70,22,4.72
ID,70,23,4.72
ID,70,24,4.72
ID,70,25,4.72
ID,70,26,4.97
ID,70,27,4.97
ID,70,28,4.97
ID,70,29,4.97
ID,70,30,4.97
ID,70,31,5.21
ID,70,32,5.21
ID,70,33,5.21
ID,70,34,5.21
ID,70,35,5.21
ID,70,36,5.21
ID,70,37,5.21
ID,70,38,5.21
ID,70,39,5.21
ID,70,40,5.21
ID,70,41,5.21
ID,70,42,5.21
ID,70,43,5.21
ID,70,44,5.21
ID,70,45,5.21
ID,80,1,1.21
ID,80,2,1.21
ID,80,3,1.21
ID,80,4,1.7
ID,80,5,1.7
ID,80,6,1.7
ID,80,7,2.05
ID,80,8,2.05
ID,80,9,2.05
ID,80,10,2.05
ID,80,11,2.78
ID,80,12,2.78
ID,80,13,2.78
ID,80,14,2.78
ID,80,15,2.78
ID,80,16,3.51
ID,80,17,3.51
ID,80,18,3.51
ID,80,19,3.51
ID,80,20,3.51
ID,80,21,3.75
ID,80,22,3.75
ID,80,23,3.75
ID,80,24,3.75
ID,80,25,3.75
ID,80,26,3.99
ID,80,27,3.99
ID,80,28,3.99
ID,80,29,3.99
ID,80,30,3.99
ID,80,31,4.24
ID,80,32,4.24
ID,80,33,4.24
ID,80,34,4.24
ID,80,35,4.24
ID,80,36,4.24
ID,80,37,4.24
ID,80,38,4.24
ID,80,39,4.24
ID,80,40,4.24
ID,80,41,4.24
ID,80,42,4.24
ID,80,43,4.24
ID,80,44,4.24
ID,80,45,4.24
ID,90,1,1.21
ID,90,2,1.21
ID,90,3,1.21
ID,90,4,1.7
ID,90,5,1.7
ID,90,6,1.7
ID,90,7,2.05
ID,90,8,2.05
ID,90,9,2.05
ID,90,10,2.05
ID,90,11,2.78
ID,90,12,2.78
ID,90,13,2.78
ID,90,14,2.78
ID,90,15,2.78
ID,90,16,3.51
ID,90,17,3.51
ID,90,18,3.51
ID,90,19,3.51
ID,90,20,3.51
ID,90,21,3.75
ID,90,22,3.75
ID,90,23,3.75
ID,90,24,3.75
ID,90,25,3.75
ID,90,26,3.99
ID,90,27,3.99
ID,90,28,3.99
ID,90,29,3.99
ID,90,30,3.99
ID,90,31,4.24
ID,90,32,4.24
ID,90,33,4.24
ID,90,34,4.24
ID,90,35,4.24
ID,90,36,4.24
ID,90,37,4.24
ID,90,38,4.24
ID,90,39,4.24
ID,90,40,4.24
ID,90,41,4.24
ID,90,42,4.24
ID,90,43,4.24
ID,90,44,4.24
ID,90,45,4.24
ID,100,1,1.21
ID,100,2,1.21
ID,100,3,1.21
ID,100,4,1.7
ID,100,5,1.7
ID,100,6,1.7
ID,100,7,2.05
ID,100,8,2.05
ID,100,9,2.05
ID,100,10,2.05
ID,100,11,2.78
ID,100,12,2.78
ID,100,13,2.78
ID,100,14,2.78
ID,100,15,2.78
ID,100,16,3.51
ID,100,17,3.51
ID,100,18,3.51
ID,100,19,3.51
ID,100,20,3.51
ID,100,21,3.75
ID,100,22,3.75
ID,100,23,3.75
ID,100,24,3.75
ID,100,25,3.75
ID,100,26,3.99
ID,100,27,3.99
ID,100,28,3.99
ID,100,29,3.99
ID,100,30,3.99
ID,100,31,4.24
ID,100,32,4.24
ID,100,33,4.24
ID,100,34,4.24
ID,100,35,4.24
ID,100,36,4.24
ID,100,37,4.24
ID,100,38,4.24
ID,100,39,4.24
ID,100,40,4.24
ID,100,41,4.24
ID,100,42,4.24
ID,100,43,4.24
ID,100,44,4.24
ID,100,45,4.24
PH,10,1,3.61
PH,10,2,3.61
PH,10,3,3.61
PH,10,4,4.37
PH,10,5,4.37
PH,10,6,4.37
PH,10,7,5.12
PH,10,8,5.12
PH,10,9,5.12
PH,10,10,5.12
PH,10,11,6.46
PH,10,12,6.46
PH,10,13,6.46
PH,10,14,6.46
PH,10,15,6.46
PH,10,16,7.12
PH,10,17,7.12
PH,10,18,7.12
PH,10,19,7.12
PH,10,20,7.12
PH,10,21,7.21
PH,10,22,7.21
PH,10,23,7.21
PH,10,24,7.21
PH,10,25,7.21
PH,10,26,7.68
PH,10,27,7.68
PH,10,28,7.68
PH,10,29,7.68
PH,10,30,7.68
PH,10,31,8.25
PH,10,32,8.25
PH,10,33,8.25
PH,10,34,8.25
PH,10,35,8.25
PH,10,36,8.25
PH,10,37,8.25
PH,10,38,8.25
PH,10,39,8.25
PH,10,40,8.25
PH,10,41,8.25
PH,10,42,8.25
PH,10,43,8.25
PH,10,44,8.25
PH,10,45,8.25
PH,20,1,2.65
PH,20,2,2.65
PH,20,3,2.65
PH,20,4,3.51
PH,20,5,3.51
PH,20,6,3.51
PH,20,7,4.27
PH,20,8,4.27
PH,20,9,4.27
PH,20,10,4.27
PH,20,11,5.32
PH,20,12,5.32
PH,20,13,5.32
PH,20,14,5.32
PH,20,15,5.32
PH,20,16,5.88
PH,20,17,5.88
PH,20,18,5.88
PH,20,19,5.88
PH,20,20,5.88
PH,20,21,5.98
PH,20,22,5.98
PH,20,23,5.98
PH,20,24,5.98
PH,20,25,5.98
PH,20,26,6.36
PH,20,27,6.36
PH,20,28,6.36
PH,20,29,6.36
PH,20,30,6.36
PH,20,31,7.12
PH,20,32,7.12
PH,20,33,7.12
PH,20,34,7.12
PH,20,35,7.12
PH,20,36,7.12
PH,20,37,7.12
PH,20,38,7.12
PH,20,39,7.12
PH,20,40,7.12
PH,20,41,7.12
PH,20,42,7.12
PH,20,43,7.12
PH,20,44,7.12
PH,20,45,7.12
PH,30,1,2.27
PH,30,2,2.27
PH,30,3,2.27
PH,30,4,2.85
PH,30,5,2.85
PH,30,6,2.85
PH,30,7,3.99
PH,30,8,3.99
PH,30,9,3.99
PH,30,10,3.99
PH,30,11,5.12
PH,30,12,5.12
PH,30,13,5.12
PH,30,14,5.12
PH,30,15,5.12
PH,30,16,5.5
PH,30,17,5.5
PH,30,18,5.5
PH,30,19,5.5
PH,30,20,5.5
PH,30,21,5.6
PH,30,22,5.6
PH,30,23,5.6
PH,30,24,5.6
PH,30,25,5.6
PH,30,26,5.7
PH,30,27,5.7
PH,30,28,5.7
PH,30,29,5.7
PH,30,30,5.7
PH,30,31,6.36
PH,30,32,6.36
PH,30,33,6.36
PH,30,34,6.36
PH,30,35,6.36
PH,30,36,6.36
PH,30,37,6.36
PH,30,38,6.36
PH,30,39,6.36
PH,30,40,6.36
PH,30,41,6.36
PH,30,42,6.36
PH,30,43,6.36
PH,30,44,6.36
PH,30,45,6.36
PH,40,1,1.9
PH,40,2,1.9
PH,40,3,1.9
PH,40,4,2.27
PH,40,5,2.27
PH,40,6,2.27
PH,40,7,3.13
PH,40,8,3.13
PH,40,9,3.13
PH,40,10,3.13
PH,40,11,3.99
PH,40,12,3.99
PH,40,13,3.99
PH,40,14,3.99
PH,40,15,3.99
PH,40,16,4.46
PH,40,17,4.46
PH,40,18,4.46
PH,40,19,4.46
PH,40,20,4.46
PH,40,21,4.55
PH,40,22,4.55
PH,40,23,4.55
PH,40,24,4.55
PH,40,25,4.55
PH,40,26,4.65
PH,40,27,4.65
PH,40,28,4.65
PH,40,29,4.65
PH,40,30,4.65
PH,40,31,5.22
PH,40,32,5.22
PH,40,33,5.22
PH,40,34,5.22
PH,40,35,5.22
PH,40,36,5.22
PH,40,37,5.22
PH,40,38,5.22
PH,40,39,5.22
PH,40,40,5.22
PH,40,41,5.22
PH,40,42,5.22
PH,40,43,5.22
PH,40,44,5.22
PH,40,45,5.22
PH,50,1,1.9
PH,50,2,1.9
PH,50,3,1.9
PH,50,4,2.27
PH,50,5,2.27
PH,50,6,2.27
PH,50,7,3.13
PH,50,8,3.13
PH,50,9,3.13
PH,50,10,3.13
PH,50,11,3.99
PH,50,12,3.99
PH,50,13,3.99
PH,50,14,3.99
PH,50,15,3.99
PH,50,16,4.46
PH,50,17,4.46
PH,50,18,4.46
PH,50,19,4.46
PH,50,20,4.46
PH,50,21,4.55
PH,50,22,4.55
PH,50,23,4.55
PH,50,24,4.55
PH,50,25,4.55
PH,50,26,4.65
PH,50,27,4.65
PH,50,28,4.65
PH,50,29,4.65
PH,50,30,4.65
PH,50,31,5.22
PH,50,32,5.22
PH,50,33,5.22
PH,50,34,5.22
PH,50,35,5.22
PH,50,36,5.22
PH,50,37,5.22
PH,50,38,5.22
PH,50,39,5.22
PH,50,40,5.22
PH,50,41,5.22
PH,50,42,5.22
PH,50,43,5.22
PH,50,44,5.22
PH,50,45,5.22
PH,60,1,1.33
PH,60,2,1.33
PH,60,3,1.33
PH,60,4,1.9
PH,60,5,1.9
PH,60,6,1.9
PH,60,7,2.47
PH,60,8,2.47
PH,60,9,2.47
PH,60,10,2.47
PH,60,11,3.13
PH,60,12,3.13
PH,60,13,3.13
PH,60,14,3.13
PH,60,15,3.13
PH,60,16,3.51
PH,60,17,3.51
PH,60,18,3.51
PH,60,19,3.51
PH,60,20,3.51
PH,60,21,3.7
PH,60,22,3.7
PH,60,23,3.7
PH,60,24,3.7
PH,60,25,3.7
PH,60,26,3.89
PH,60,27,3.89
PH,60,28,3.89
PH,60,29,3.89
PH,60,30,3.89
PH,60,31,4.08
PH,60,32,4.08
PH,60,33,4.08
PH,60,34,4.08
PH,60,35,4.08
PH,60,36,4.08
PH,60,37,4.08
PH,60,38,4.08
PH,60,39,4.08
PH,60,40,4.08
PH,60,41,4.08
PH,60,42,4.08
PH,60,43,4.08
PH,60,44,4.08
PH,60,45,4.08
PH,70,1,1.33
PH,70,2,1.33
PH,70,3,1.33
PH,70,4,1.9
PH,70,5,1.9
PH,70,6,1.9
PH,70,7,2.47
PH,70,8,2.47
PH,70,9,2.47
PH,70,10,2.47
PH,70,11,3.13
PH,70,12,3.13
PH,70,13,3.13
PH,70,14,3.13
PH,70,15,3.13
PH,70,16,3.51
PH,70,17,3.51
PH,70,18,3.51
PH,70,19,3.51
PH,70,20,3.51
PH,70,21,3.7
PH,70,22,3.7
PH,70,23,3.7
PH,70,24,3.7
PH,70,25,3.7
PH,70,26,3.89
PH,70,27,3.89
PH,70,28,3.89
PH,70,29,3.89
PH,70,30,3.89
PH,70,31,4.08
PH,70,32,4.08
PH,70,33,4.08
PH,70,34,4.08
PH,70,35,4.08
PH,70,36,4.08
PH,70,37,4.08
PH,70,38,4.08
PH,70,39,4.08
PH,70,40,4.08
PH,70,41,4.08
PH,70,42,4.08
PH,70,43,4.08
PH,70,44,4.08
PH,70,45,4.08
PH,80,1,0.95
PH,80,2,0.95
PH,80,3,0.95
PH,80,4,1.33
PH,80,5,1.33
PH,80,6,1.33
PH,80,7,1.61
PH,80,8,1.61
PH,80,9,1.61
PH,80,10,1.61
PH,80,11,2.18
PH,80,12,2.18
PH,80,13,2.18
PH,80,14,2.18
PH,80,15,2.18
PH,80,16,2.75
PH,80,17,2.75
PH,80,18,2.75
PH,80,19,2.75
PH,80,20,2.75
PH,80,21,2.95
PH,80,22,2.95
PH,80,23,2.95
PH,80,24,2.95
PH,80,25,2.95
PH,80,26,3.13
PH,80,27,3.13
PH,80,28,3.13
PH,80,29,3.13
PH,80,30,3.13
PH,80,31,3.33
PH,80,32,3.33
PH,80,33,3.33
PH,80,34,3.33
PH,80,35,3.33
PH,80,36,3.33
PH,80,37,3.33
PH,80,38,3.33
PH,80,39,3.33
PH,80,40,3.33
PH,80,41,3.33
PH,80,42,3.33
PH,80,43,3.33
PH,80,44,3.33
PH,80,45,3.33
PH,90,1,0.95
PH,90,2,0.95
PH,90,3,0.95
PH,90,4,1.33
PH,90,5,1.33
PH,90,6,1.33
PH,90,7,1.61
PH,90,8,1.61
PH,90,9,1.61
PH,90,10,1.61
PH,90,11,2.18
PH,90,12,2.18
PH,90,13,2.18
PH,90,14,2.18
PH,90,15,2.18
PH,90,16,2.75
PH,90,17,2.75
PH,90,18,2.75
PH,90,19,2.75
PH,90,20,2.75
PH,90,21,2.95
PH,90,22,2.95
PH,90,23,2.95
PH,90,24,2.95
PH,90,25,2.95
PH,90,26,3.13
PH,90,27,3.13
PH,90,28,3.13
PH,90,29,3.13
PH,90,30,3.13
PH,90,31,3.33
PH,90,32,3.33
PH,90,33,3.33
PH,90,34,3.33
PH,90,35,3.33
PH,90,36,3.33
PH,90,37,3.33
PH,90,38,3.33
PH,90,39,3.33
PH,90,40,3.33
PH,90,41,3.33
PH,90,42,3.33
PH,90,43,3.33
PH,90,44,3.33
PH,90,45,3.33
PH,100,1,0.95
PH,100,2,0.95
PH,100,3,0.95
PH,100,4,1.33
PH,100,5,1.33
PH,100,6,1.33
PH,100,7,1.61
PH,100,8,1.61
PH,100,9,1.61
PH,100,10,1.61
PH,100,11,2.18
PH,100,12,2.18
PH,100,13,2.18
PH,100,14,2.18
PH,100,15,2.18
PH,100,16,2.75
PH,100,17,2.75
PH,100,18,2.75
PH,100,19,2.75
PH,100,20,2.75
PH,100,21,2.95
PH,100,22,2.95
PH,100,23,2.95
PH,100,24,2.95
PH,100,25,2.95
PH,100,26,3.13
PH,100,27,3.13
PH,100,28,3.13
PH,100,29,3.13
PH,100,30,3.13
PH,100,31,3.33
PH,100,32,3.33
PH,100,33,3.33
PH,100,34,3.33
PH,100,35,3.33
PH,100,36,3.33
PH,100,37,3.33
PH,100,38,3.33
PH,100,39,3.33
PH,100,40,3.33
PH,100,41,3.33
PH,100,42,3.33
PH,100,43,3.33
PH,100,44,3.33
PH,100,45,3.33
TH,10,1,4.79
TH,10,2,4.79
TH,10,3,4.79
TH,10,4,5.79
TH,10,5,5.79
TH,10,6,5.79
TH,10,7,6.8
TH,10,8,6.8
TH,10,9,6.8
TH,10,10,6.8
TH,10,11,8.57
TH,10,12,8.57
TH,10,13,8.57
TH,10,14,8.57
TH,10,15,8.57
TH,10,16,9.46
TH,10,17,9.46
TH,10,18,9.46
TH,10,19,9.46
TH,10,20,9.46
TH,10,21,9.58
TH,10,22,9.58
TH,10,23,9.58
TH,10,24,9.58
TH,10,25,9.58
TH,10,26,10.21
TH,10,27,10.21
TH,10,28,10.21
TH,10,29,10.21
TH,10,30,10.21
TH,10,31,10.97
TH,10,32,10.97
TH,10,33,10.97
TH,10,34,10.97
TH,10,35,10.97
TH,10,36,10.97
TH,10,37,10.97
TH,10,38,10.97
TH,10,39,10.97
TH,10,40,10.97
TH,10,41,10.97
TH,10,42,10.97
TH,10,43,10.97
TH,10,44,10.97
TH,10,45,10.97
TH,20,1,3.53
TH,20,2,3.53
TH,20,3,3.53
TH,20,4,4.66
TH,20,5,4.66
TH,20,6,4.66
TH,20,7,5.67
TH,20,8,5.67
TH,20,9,5.67
TH,20,10,5.67
TH,20,11,7.05
TH,20,12,7.05
TH,20,13,7.05
TH,20,14,7.05
TH,20,15,7.05
TH,20,16,7.82
TH,20,17,7.82
TH,20,18,7.82
TH,20,19,7.82
TH,20,20,7.82
TH,20,21,7.95
TH,20,22,7.95
TH,20,23,7.95
TH,20,24,7.95
TH,20,25,7.95
TH,20,26,8.45
TH,20,27,8.45
TH,20,28,8.45
TH,20,29,8.45
TH,20,30,8.45
TH,20,31,9.46
TH,20,32,9.46
TH,20,33,9.46
TH,20,34,9.46
TH,20,35,9.46
TH,20,36,9.46
TH,20,37,9.46
TH,20,38,9.46
TH,20,39,9.46
TH,20,40,9.46
TH,20,41,9.46
TH,20,42,9.46
TH,20,43,9.46
TH,20,44,9.46
TH,20,45,9.46
TH,30,1,3.02
TH,30,2,3.02
TH,30,3,3.02
TH,30,4,3.78
TH,30,5,3.78
TH,30,6,3.78
TH,30,7,5.29
TH,30,8,5.29
TH,30,9,5.29
TH,30,10,5.29
TH,30,11,6.8
TH,30,12,6.8
TH,30,13,6.8
TH,30,14,6.8
TH,30,15,6.8
TH,30,16,7.32
TH,30,17,7.32
TH,30,18,7.32
TH,30,19,7.32
TH,30,20,7.32
TH,30,21,7.43
TH,30,22,7.43
TH,30,23,7.43
TH,30,24,7.43
TH,30,25,7.43
TH,30,26,7.57
TH,30,27,7.57
TH,30,28,7.57
TH,30,29,7.57
TH,30,30,7.57
TH,30,31,8.45
TH,30,32,8.45
TH,30,33,8.45
TH,30,34,8.45
TH,30,35,8.45
TH,30,36,8.45
TH,30,37,8.45
TH,30,38,8.45
TH,30,39,8.45
TH,30,40,8.45
TH,30,41,8.45
TH,30,42,8.45
TH,30,43,8.45
TH,30,44,8.45
TH,30,45,8.45
TH,40,1,2.52
TH,40,2,2.52
TH,40,3,2.52
TH,40,4,3.02
TH,40,5,3.02
TH,40,6,3.02
TH,40,7,4.16
TH,40,8,4.16
TH,40,9,4.16
TH,40,10,4.16
TH,40,11,5.29
TH,40,12,5.29
TH,40,13,5.29
TH,40,14,5.29
TH,40,15,5.29
TH,40,16,5.92
TH,40,17,5.92
TH,40,18,5.92
TH,40,19,5.92
TH,40,20,5.92
TH,40,21,6.05
TH,40,22,6.05
TH,40,23,6.05
TH,40,24,6.05
TH,40,25,6.05
TH,40,26,6.17
TH,40,27,6.17
TH,40,28,6.17
TH,40,29,6.17
TH,40,30,6.17
TH,40,31,6.93
TH,40,32,6.93
TH,40,33,6.93
TH,40,34,6.93
TH,40,35,6.93
TH,40,36,6.93
TH,40,37,6.93
TH,40,38,6.93
TH,40,39,6.93
TH,40,40,6.93
TH,40,41,6.93
TH,40,42,6.93
TH,40,43,6.93
TH,40,44,6.93
TH,40,45,6.93
TH,50,1,2.52
TH,50,2,2.52
TH,50,3,2.52
TH,50,4,3.02
TH,50,5,3.02
TH,50,6,3.02
TH,50,7,4.16
TH,50,8,4.16
TH,50,9,4.16
TH,50,10,4.16
TH,50,11,5.29
TH,50,12,5.29
TH,50,13,5.29
TH,50,14,5.29
TH,50,15,5.29
TH,50,16,5.92
TH,50,17,5.92
TH,50,18,5.92
TH,50,19,5.92
TH,50,20,5.92
TH,50,21,6.05
TH,50,22,6.05
TH,50,23,6.05
TH,50,24,6.05
TH,50,25,6.05
TH,50,26,6.17
TH,50,27,6.17
TH,50,28,6.17
TH,50,29,6.17
TH,50,30,6.17
TH,50,31,6.93
TH,50,32,6.93
TH,50,33,6.93
TH,50,34,6.93
TH,50,35,6.93
TH,50,36,6.93
TH,50,37,6.93
TH,50,38,6.93
TH,50,39,6.93
TH,50,40,6.93
TH,50,41,6.93
TH,50,42,6.93
TH,50,43,6.93
TH,50,44,6.93
TH,50,45,6.93
TH,60,1,1.76
TH,60,2,1.76
TH,60,3,1.76
TH,60,4,2.52
TH,60,5,2.52
TH,60,6,2.52
TH,60,7,3.27
TH,60,8,3.27
TH,60,9,3.27
TH,60,10,3.27
TH,60,11,4.16
TH,60,12,4.16
TH,60,13,4.16
TH,60,14,4.16
TH,60,15,4.16
TH,60,16,4.66
TH,60,17,4.66
TH,60,18,4.66
TH,60,19,4.66
TH,60,20,4.66
TH,60,21,4.91
TH,60,22,4.91
TH,60,23,4.91
TH,60,24,4.91
TH,60,25,4.91
TH,60,26,5.16
TH,60,27,5.16
TH,60,28,5.16
TH,60,29,5.16
TH,60,30,5.16
TH,60,31,5.42
TH,60,32,5.42
TH,60,33,5.42
TH,60,34,5.42
TH,60,35,5.42
TH,60,36,5.42
TH,60,37,5.42
TH,60,38,5.42
TH,60,39,5.42
TH,60,40,5.42
TH,60,41,5.42
TH,60,42,5.42
TH,60,43,5.42
TH,60,44,5.42
TH,60,45,5.42
TH,70,1,1.76
TH,70,2,1.76
TH,70,3,1.76
TH,70,4,2.52
TH,70,5,2.52
TH,70,6,2.52
TH,70,7,3.27
TH,70,8,3.27
TH,70,9,3.27
TH,70,10,3.27
TH,70,11,4.16
TH,70,12,4.16
TH,70,13,4.16
TH,70,14,4.16
TH,70,15,4.16
TH,70,16,4.66
TH,70,17,4.66
TH,70,18,4.66
TH,70,19,4.66
TH,70,20,4.66
TH,70,21,4.91
TH,70,22,4.91
TH,70,23,4.91
TH,70,24,4.91
TH,70,25,4.91
TH,70,26,5.16
TH,70,27,5.16
TH,70,28,5.16
TH,70,29,5.16
TH,70,30,5.16
TH,70,31,5.42
TH,70,32,5.42
TH,70,33,5.42
TH,70,34,5.42
TH,70,35,5.42
TH,70,36,5.42
TH,70,37,5.42
TH,70,38,5.42
TH,70,39,5.42
TH,70,40,5.42
TH,70,41,5.42
TH,70,42,5.42
TH,70,43,5.42
TH,70,44,5.42
TH,70,45,5.42
TH,80,1,1.26
TH,80,2,1.26
TH,80,3,1.26
TH,80,4,1.76
TH,80,5,1.76
TH,80,6,1.76
TH,80,7,2.14
TH,80,8,2.14
TH,80,9,2.14
TH,80,10,2.14
TH,80,11,2.9
TH,80,12,2.9
TH,80,13,2.9
TH,80,14,2.9
TH,80,15,2.9
TH,80,16,3.65
TH,80,17,3.65
TH,80,18,3.65
TH,80,19,3.65
TH,80,20,3.65
TH,80,21,3.9
TH,80,22,3.9
TH,80,23,3.9
TH,80,24,3.9
TH,80,25,3.9
TH,80,26,4.16
TH,80,27,4.16
TH,80,28,4.16
TH,80,29,4.16
TH,80,30,4.16
TH,80,31,4.41
TH,80,32,4.41
TH,80,33,4.41
TH,80,34,4.41
TH,80,35,4.41
TH,80,36,4.41
TH,80,37,4.41
TH,80,38,4.41
TH,80,39,4.41
TH,80,40,4.41
TH,80,41,4.41
TH,80,42,4.41
TH,80,43,4.41
TH,80,44,4.41
TH,80,45,4.41
TH,90,1,1.26
TH,90,2,1.26
TH,90,3,1.26
TH,90,4,1.76
TH,90,5,1.76
TH,90,6,1.76
TH,90,7,2.14
TH,90,8,2.14
TH,90,9,2.14
TH,90,10,2.14
TH,90,11,2.9
TH,90,12,2.9
TH,90,13,2.9
TH,90,14,2.9
TH,90,15,2.9
TH,90,16,3.65
TH,90,17,3.65
TH,90,18,3.65
TH,90,19,3.65
TH,90,20,3.65
TH,90,21,3.9
TH,90,22,3.9
TH,90,23,3.9
TH,90,24,3.9
TH,90,25,3.9
TH,90,26,4.16
TH,90,27,4.16
TH,90,28,4.16
TH,90,29,4.16
TH,90,30,4.16
TH,90,31,4.41
TH,90,32,4.41
TH,90,33,4.41
TH,90,34,4.41
TH,90,35,4.41
TH,90,36,4.41
TH,90,37,4.41
TH,90,38,4.41
TH,90,39,4.41
TH,90,40,4.41
TH,90,41,4.41
TH,90,42,4.41
TH,90,43,4.41
TH,90,44,4.41
TH,90,45,4.41
TH,100,1,1.26
TH,100,2,1.26
TH,100,3,1.26
TH,100,4,1.76
TH,100,5,1.76
TH,100,6,1.76
TH,100,7,2.14
TH,100,8,2.14
TH,100,9,2.14
TH,100,10,2.14
TH,100,11,2.9
TH,100,12,2.9
TH,100,13,2.9
TH,100,14,2.9
TH,100,15,2.9
TH,100,16,3.65
TH,100,17,3.65
TH,100,18,3.65
TH,100,19,3.65
TH,100,20,3.65
TH,100,21,3.9
TH,100,22,3.9
TH,100,23,3.9
TH,100,24,3.9
TH,100,25,3.9
TH,100,26,4.16
TH,100,27,4.16
TH,100,28,4.16
TH,100,29,4.16
TH,100,30,4.16
TH,100,31,4.41
TH,100,32,4.41
TH,100,33,4.41
TH,100,34,4.41
TH,100,35,4.41
TH,100,36,4.41
TH,100,37,4.41
TH,100,38,4.41
TH,100,39,4.41
TH,100,40,4.41
TH,100,41,4.41
TH,100,42,4.41
TH,100,43,4.41
TH,100,44,4.41
TH,100,45,4.41
VN,10,1,4.17
VN,10,2,4.17
VN,10,3,4.17
VN,10,4,5.05
VN,10,5,5.05
VN,10,6,5.05
VN,10,7,5.92
VN,10,8,5.92
VN,10,9,5.92
VN,10,10,5.92
VN,10,11,7.47
VN,10,12,7.47
VN,10,13,7.47
VN,10,14,7.47
VN,10,15,7.47
VN,10,16,8.23
VN,10,17,8.23
VN,10,18,8.23
VN,10,19,8.23
VN,10,20,8.23
VN,10,21,8.35
VN,10,22,8.35
VN,10,23,8.35
VN,10,24,8.35
VN,10,25,8.35
VN,10,26,8.89
VN,10,27,8.89
VN,10,28,8.89
VN,10,29,8.89
VN,10,30,8.89
VN,10,31,9.55
VN,10,32,9.55
VN,10,33,9.55
VN,10,34,9.55
VN,10,35,9.55
VN,10,36,9.55
VN,10,37,9.55
VN,10,38,9.55
VN,10,39,9.55
VN,10,40,9.55
VN,10,41,9.55
VN,10,42,9.55
VN,10,43,9.55
VN,10,44,9.55
VN,10,45,9.55
VN,20,1,3.08
VN,20,2,3.08
VN,20,3,3.08
VN,20,4,4.07
VN,20,5,4.07
VN,20,6,4.07
VN,20,7,4.93
VN,20,8,4.93
VN,20,9,4.93
VN,20,10,4.93
VN,20,11,6.15
VN,20,12,6.15
VN,20,13,6.15
VN,20,14,6.15
VN,20,15,6.15
VN,20,16,6.8
VN,20,17,6.8
VN,20,18,6.8
VN,20,19,6.8
VN,20,20,6.8
VN,20,21,6.91
VN,20,22,6.91
VN,20,23,6.91
VN,20,24,6.91
VN,20,25,6.91
VN,20,26,7.36
VN,20,27,7.36
VN,20,28,7.36
VN,20,29,7.36
VN,20,30,7.36
VN,20,31,8.23
VN,20,32,8.23
VN,20,33,8.23
VN,20,34,8.23
VN,20,35,8.23
VN,20,36,8.23
VN,20,37,8.23
VN,20,38,8.23
VN,20,39,8.23
VN,20,40,8.23
VN,20,41,8.23
VN,20,42,8.23
VN,20,43,8.23
VN,20,44,8.23
VN,20,45,8.23
VN,30,1,2.63
VN,30,2,2.63
VN,30,3,2.63
VN,30,4,3.29
VN,30,5,3.29
VN,30,6,3.29
VN,30,7,4.61
VN,30,8,4.61
VN,30,9,4.61
VN,30,10,4.61
VN,30,11,5.92
VN,30,12,5.92
VN,30,13,5.92
VN,30,14,5.92
VN,30,15,5.92
VN,30,16,6.37
VN,30,17,6.37
VN,30,18,6.37
VN,30,19,6.37
VN,30,20,6.37
VN,30,21,6.48
VN,30,22,6.48
VN,30,23,6.48
VN,30,24,6.48
VN,30,25,6.48
VN,30,26,6.59
VN,30,27,6.59
VN,30,28,6.59
VN,30,29,6.59
VN,30,30,6.59
VN,30,31,7.36
VN,30,32,7.36
VN,30,33,7.36
VN,30,34,7.36
VN,30,35,7.36
VN,30,36,7.36
VN,30,37,7.36
VN,30,38,7.36
VN,30,39,7.36
VN,30,40,7.36
VN,30,41,7.36
VN,30,42,7.36
VN,30,43,7.36
VN,30,44,7.36
VN,30,45,7.36
VN,40,1,2.2
VN,40,2,2.2
VN,40,3,2.2
VN,40,4,2.63
VN,40,5,2.63
VN,40,6,2.63
VN,40,7,3.62
VN,40,8,3.62
VN,40,9,3.62
VN,40,10,3.62
VN,40,11,4.61
VN,40,12,4.61
VN,40,13,4.61
VN,40,14,4.61
VN,40,15,4.61
VN,40,16,5.16
VN,40,17,5.16
VN,40,18,5.16
VN,40,19,5.16
VN,40,20,5.16
VN,40,21,5.27
VN,40,22,5.27
VN,40,23,5.27
VN,40,24,5.27
VN,40,25,5.27
VN,40,26,5.38
VN,40,27,5.38
VN,40,28,5.38
VN,40,29,5.38
VN,40,30,5.38
VN,40,31,6.03
VN,40,32,6.03
VN,40,33,6.03
VN,40,34,6.03
VN,40,35,6.03
VN,40,36,6.03
VN,40,37,6.03
VN,40,38,6.03
VN,40,39,6.03
VN,40,40,6.03
VN,40,41,6.03
VN,40,42,6.03
VN,40,43,6.03
VN,40,44,6.03
VN,40,45,6.03
VN,50,1,2.2
VN,50,2,2.2
VN,50,3,2.2
VN,50,4,2.63
VN,50,5,2.63
VN,50,6,2.63
VN,50,7,3.62
VN,50,8,3.62
VN,50,9,3.62
VN,50,10,3.62
VN,50,11,4.61
VN,50,12,4.61
VN,50,13,4.61
VN,50,14,4.61
VN,50,15,4.61
VN,50,16,5.16
VN,50,17,5.16
VN,50,18,5.16
VN,50,19,5.16
VN,50,20,5.16
VN,50,21,5.27
VN,50,22,5.27
VN,50,23,5.27
VN,50,24,5.27
VN,50,25,5.27
VN,50,26,5.38
VN,50,27,5.38
VN,50,28,5.38
VN,50,29,5.38
VN,50,30,5.38
VN,50,31,6.03
VN,50,32,6.03
VN,50,33,6.03
VN,50,34,6.03
VN,50,35,6.03
VN,50,36,6.03
VN,50,37,6.03
VN,50,38,6.03
VN,50,39,6.03
VN,50,40,6.03
VN,50,41,6.03
VN,50,42,6.03
VN,50,43,6.03
VN,50,44,6.03
VN,50,45,6.03
VN,60,1,1.53
VN,60,2,1.53
VN,60,3,1.53
VN,60,4,2.2
VN,60,5,2.2
VN,60,6,2.2
VN,60,7,2.86
VN,60,8,2.86
VN,60,9,2.86
VN,60,10,2.86
VN,60,11,3.62
VN,60,12,3.62
VN,60,13,3.62
VN,60,14,3.62
VN,60,15,3.62
VN,60,16,4.07
VN,60,17,4.07
VN,60,18,4.07
VN,60,19,4.07
VN,60,20,4.07
VN,60,21,4.28
VN,60,22,4.28
VN,60,23,4.28
VN,60,24,4.28
VN,60,25,4.28
VN,60,26,4.5
VN,60,27,4.5
VN,60,28,4.5
VN,60,29,4.5
VN,60,30,4.5
VN,60,31,4.72
VN,60,32,4.72
VN,60,33,4.72
VN,60,34,4.72
VN,60,35,4.72
VN,60,36,4.72
VN,60,37,4.72
VN,60,38,4.72
VN,60,39,4.72
VN,60,40,4.72
VN,60,41,4.72
VN,60,42,4.72
VN,60,43,4.72
VN,60,44,4.72
VN,60,45,4.72
VN,70,1,1.53
VN,70,2,1.53
VN,70,3,1.53
VN,70,4,2.2
VN,70,5,2.2
VN,70,6,2.2
VN,70,7,2.86
VN,70,8,2.86
VN,70,9,2.86
VN,70,10,2.86
VN,70,11,3.62
VN,70,12,3.62
VN,70,13,3.62
VN,70,14,3.62
VN,70,15,3.62
VN,70,16,4.07
VN,70,17,4.07
VN,70,18,4.07
VN,70,19,4.07
VN,70,20,4.07
VN,70,21,4.28
VN,70,22,4.28
VN,70,23,4.28
VN,70,24,4.28
VN,70,25,4.28
VN,70,26,4.5
VN,70,27,4.5
VN,70,28,4.5
VN,70,29,4.5
VN,70,30,4.5
VN,70,31,4.72
VN,70,32,4.72
VN,70,33,4.72
VN,70,34,4.72
VN,70,35,4.72
VN,70,36,4.72
VN,70,37,4.72
VN,70,38,4.72
VN,70,39,4.72
VN,70,40,4.72
VN,70,41,4.72
VN,70,42,4.72
VN,70,43,4.72
VN,70,44,4.72
VN,70,45,4.72
VN,80,1,1.1
VN,80,2,1.1
VN,80,3,1.1
VN,80,4,1.53
VN,80,5,1.53
VN,80,6,1.53
VN,80,7,1.87
VN,80,8,1.87
VN,80,9,1.87
VN,80,10,1.87
VN,80,11,2.52
VN,80,12,2.52
VN,80,13,2.52
VN,80,14,2.52
VN,80,15,2.52
VN,80,16,3.18
VN,80,17,3.18
VN,80,18,3.18
VN,80,19,3.18
VN,80,21,3.4
VN,80,22,3.4
VN,80,23,3.4
VN,80,24,3.4
VN,80,25,3.4
VN,80,26,3.62
VN,80,27,3.62
VN,80,28,3.62
VN,80,29,3.62
VN,80,30,3.62
VN,80,31,3.84
VN,80,32,3.84
VN,80,33,3.84
VN,80,34,3.84
VN,80,35,3.84
VN,80,36,3.84
VN,80,37,3.84
VN,80,38,3.84
VN,80,39,3.84
VN,80,40,3.84
VN,80,41,3.84
VN,80,42,3.84
VN,80,43,3.84
VN,80,44,3.84
VN,80,45,3.84
VN,90,1,1.1
VN,90,2,1.1
VN,90,3,1.1
VN,90,4,1.53
VN,90,5,1.53
VN,90,6,1.53
VN,90,7,1.87
VN,90,8,1.87
VN,90,9,1.87
VN,90,10,1.87
VN,90,11,2.52
VN,90,12,2.52
VN,90,13,2.52
VN,90,14,2.52
VN,90,15,2.52
VN,90,16,3.18
VN,90,17,3.18
VN,90,18,3.18
VN,90,19,3.18
VN,90,20,3.18
VN,90,21,3.4
VN,90,22,3.4
VN,90,23,3.4
VN,90,24,3.4
VN,90,25,3.4
VN,90,26,3.62
VN,90,27,3.62
VN,90,28,3.62
VN,90,29,3.62
VN,90,30,3.62
VN,90,31,3.84
VN,90,32,3.84
VN,90,33,3.84
VN,90,34,3.84
VN,90,35,3.84
VN,90,36,3.84
VN,90,37,3.84
VN,90,38,3.84
VN,90,39,3.84
VN,90,40,3.84
VN,90,41,3.84
VN,90,42,3.84
VN,90,43,3.84
VN,90,44,3.84
VN,90,45,3.84
VN,100,1,1.1
VN,100,2,1.1
VN,100,3,1.1
VN,100,4,1.53
VN,100,5,1.53
VN,100,6,1.53
VN,100,7,1.87
VN,100,8,1.87
VN,100,9,1.87
VN,100,10,1.87
VN,100,11,2.52
VN,100,12,2.52
VN,100,13,2.52
VN,100,14,2.52
VN,100,15,2.52
VN,100,16,3.18
VN,100,17,3.18
VN,100,18,3.18
VN,100,19,3.18
VN,100,20,3.18
VN,100,21,3.4
VN,100,22,3.4
VN,100,23,3.4
VN,100,24,3.4
VN,100,25,3.4
VN,100,26,3.62
VN,100,27,3.62
VN,100,28,3.62
VN,100,29,3.62
VN,100,30,3.62
VN,100,31,3.84
VN,100,32,3.84
VN,100,33,3.84
VN,100,34,3.84
VN,100,35,3.84
VN,100,36,3.84
VN,100,37,3.84
VN,100,38,3.84
VN,100,39,3.84
VN,100,40,3.84
VN,100,41,3.84
VN,100,42,3.84
VN,100,43,3.84
VN,100,44,3.84
VN,100,45,3.84
MY,10,1,4.3
MY,10,2,4.3
MY,10,3,4.3
MY,10,4,5.21
MY,10,5,5.21
MY,10,6,5.21
MY,10,7,6.11
MY,10,8,6.11
MY,10,9,6.11
MY,10,10,6.11
MY,10,11,7.7
MY,10,12,7.7
MY,10,13,7.7
MY,10,14,7.7
MY,10,15,7.7
MY,10,16,8.49
MY,10,17,8.49
MY,10,18,8.49
MY,10,19,8.49
MY,10,20,8.49
MY,10,21,8.6
MY,10,22,8.6
MY,10,23,8.6
MY,10,24,8.6
MY,10,25,8.6
MY,10,26,9.17
MY,10,27,9.17
MY,10,28,9.17
MY,10,29,9.17
MY,10,30,9.17
MY,10,31,9.85
MY,10,32,9.85
MY,10,33,9.85
MY,10,34,9.85
MY,10,35,9.85
MY,10,36,9.85
MY,10,37,9.85
MY,10,38,9.85
MY,10,39,9.85
MY,10,40,9.85
MY,10,41,9.85
MY,10,42,9.85
MY,10,43,9.85
MY,10,44,9.85
MY,10,45,9.85
MY,20,1,3.17
MY,20,2,3.17
MY,20,3,3.17
MY,20,4,4.18
MY,20,5,4.18
MY,20,6,4.18
MY,20,7,5.1
MY,20,8,5.1
MY,20,9,5.1
MY,20,10,5.1
MY,20,11,6.34
MY,20,12,6.34
MY,20,13,6.34
MY,20,14,6.34
MY,20,15,6.34
MY,20,16,7.02
MY,20,17,7.02
MY,20,18,7.02
MY,20,19,7.02
MY,20,20,7.02
MY,20,21,7.13
MY,20,22,7.13
MY,20,23,7.13
MY,20,24,7.13
MY,20,25,7.13
MY,20,26,7.59
MY,20,27,7.59
MY,20,28,7.59
MY,20,29,7.59
MY,20,30,7.59
MY,20,31,8.49
MY,20,32,8.49
MY,20,33,8.49
MY,20,34,8.49
MY,20,35,8.49
MY,20,36,8.49
MY,20,37,8.49
MY,20,38,8.49
MY,20,39,8.49
MY,20,40,8.49
MY,20,41,8.49
MY,20,42,8.49
MY,20,43,8.49
MY,20,44,8.49
MY,20,45,8.49
MY,30,1,2.72
MY,30,2,2.72
MY,30,3,2.72
MY,30,4,3.39
MY,30,5,3.39
MY,30,6,3.39
MY,30,7,4.75
MY,30,8,4.75
MY,30,9,4.75
MY,30,10,4.75
MY,30,11,6.11
MY,30,12,6.11
MY,30,13,6.11
MY,30,14,6.11
MY,30,15,6.11
MY,30,16,6.57
MY,30,17,6.57
MY,30,18,6.57
MY,30,19,6.57
MY,30,20,6.57
MY,30,21,6.67
MY,30,22,6.67
MY,30,23,6.67
MY,30,24,6.67
MY,30,25,6.67
MY,30,26,6.79
MY,30,27,6.79
MY,30,28,6.79
MY,30,29,6.79
MY,30,30,6.79
MY,30,31,7.59
MY,30,32,7.59
MY,30,33,7.59
MY,30,34,7.59
MY,30,35,7.59
MY,30,36,7.59
MY,30,37,7.59
MY,30,38,7.59
MY,30,39,7.59
MY,30,40,7.59
MY,30,41,7.59
MY,30,42,7.59
MY,30,43,7.59
MY,30,44,7.59
MY,30,45,7.59
MY,40,1,2.26
MY,40,2,2.26
MY,40,3,2.26
MY,40,4,2.72
MY,40,5,2.72
MY,40,6,2.72
MY,40,7,3.74
MY,40,8,3.74
MY,40,9,3.74
MY,40,10,3.74
MY,40,11,4.75
MY,40,12,4.75
MY,40,13,4.75
MY,40,14,4.75
MY,40,15,4.75
MY,40,16,5.32
MY,40,17,5.32
MY,40,18,5.32
MY,40,19,5.32
MY,40,20,5.32
MY,40,21,5.43
MY,40,22,5.43
MY,40,23,5.43
MY,40,24,5.43
MY,40,25,5.43
MY,40,26,5.54
MY,40,27,5.54
MY,40,28,5.54
MY,40,29,5.54
MY,40,30,5.54
MY,40,31,6.23
MY,40,32,6.23
MY,40,33,6.23
MY,40,34,6.23
MY,40,35,6.23
MY,40,36,6.23
MY,40,37,6.23
MY,40,38,6.23
MY,40,39,6.23
MY,40,40,6.23
MY,40,41,6.23
MY,40,42,6.23
MY,40,43,6.23
MY,40,44,6.23
MY,40,45,6.23
MY,50,1,2.26
MY,50,2,2.26
MY,50,3,2.26
MY,50,4,2.72
MY,50,5,2.72
MY,50,6,2.72
MY,50,7,3.74
MY,50,8,3.74
MY,50,9,3.74
MY,50,10,3.74
MY,50,11,4.75
MY,50,12,4.75
MY,50,13,4.75
MY,50,14,4.75
MY,50,15,4.75
MY,50,16,5.32
MY,50,17,5.32
MY,50,18,5.32
MY,50,19,5.32
MY,50,20,5.32
MY,50,21,5.43
MY,50,22,5.43
MY,50,23,5.43
MY,50,24,5.43
MY,50,25,5.43
MY,50,26,5.54
MY,50,27,5.54
MY,50,28,5.54
MY,50,29,5.54
MY,50,30,5.54
MY,50,31,6.23
MY,50,32,6.23
MY,50,33,6.23
MY,50,34,6.23
MY,50,35,6.23
MY,50,36,6.23
MY,50,37,6.23
MY,50,38,6.23
MY,50,39,6.23
MY,50,40,6.23
MY,50,41,6.23
MY,50,42,6.23
MY,50,43,6.23
MY,50,44,6.23
MY,50,45,6.23
MY,60,1,1.59
MY,60,2,1.59
MY,60,3,1.59
MY,60,4,2.26
MY,60,5,2.26
MY,60,6,2.26
MY,60,7,2.95
MY,60,8,2.95
MY,60,9,2.95
MY,60,10,2.95
MY,60,11,3.74
MY,60,12,3.74
MY,60,13,3.74
MY,60,14,3.74
MY,60,15,3.74
MY,60,16,4.18
MY,60,17,4.18
MY,60,18,4.18
MY,60,19,4.18
MY,60,20,4.18
MY,60,21,4.41
MY,60,22,4.41
MY,60,23,4.41
MY,60,24,4.41
MY,60,25,4.41
MY,60,26,4.64
MY,60,27,4.64
MY,60,28,4.64
MY,60,29,4.64
MY,60,30,4.64
MY,60,31,4.87
MY,60,32,4.87
MY,60,33,4.87
MY,60,34,4.87
MY,60,35,4.87
MY,60,36,4.87
MY,60,37,4.87
MY,60,38,4.87
MY,60,39,4.87
MY,60,40,4.87
MY,60,41,4.87
MY,60,42,4.87
MY,60,43,4.87
MY,60,44,4.87
MY,60,45,4.87
MY,70,1,1.59
MY,70,2,1.59
MY,70,3,1.59
MY,70,4,2.26
MY,70,5,2.26
MY,70,6,2.26
MY,70,7,2.95
MY,70,8,2.95
MY,70,9,2.95
MY,70,10,2.95
MY,70,11,3.74
MY,70,12,3.74
MY,70,13,3.74
MY,70,14,3.74
MY,70,15,3.74
MY,70,16,4.18
MY,70,17,4.18
MY,70,18,4.18
MY,70,19,4.18
MY,70,20,4.18
MY,70,21,4.41
MY,70,22,4.41
MY,70,23,4.41
MY,70,24,4.41
MY,70,25,4.41
MY,70,26,4.64
MY,70,27,4.64
MY,70,28,4.64
MY,70,29,4.64
MY,70,30,4.64
MY,70,31,4.87
MY,70,32,4.87
MY,70,33,4.87
MY,70,34,4.87
MY,70,35,4.87
MY,70,36,4.87
MY,70,37,4.87
MY,70,38,4.87
MY,70,39,4.87
MY,70,40,4.87
MY,70,41,4.87
MY,70,42,4.87
MY,70,43,4.87
MY,70,44,4.87
MY,70,45,4.87
MY,80,1,1.13
MY,80,2,1.13
MY,80,3,1.13
MY,80,4,1.59
MY,80,5,1.59
MY,80,6,1.59
MY,80,7,1.92
MY,80,8,1.92
MY,80,9,1.92
MY,80,10,1.92
MY,80,11,2.61
MY,80,12,2.61
MY,80,13,2.61
MY,80,14,2.61
MY,80,15,2.61
MY,80,16,3.28
MY,80,17,3.28
MY,80,18,3.28
MY,80,19,3.28
MY,80,20,3.28
MY,80,21,3.51
MY,80,22,3.51
MY,80,23,3.51
MY,80,24,3.51
MY,80,25,3.51
MY,80,26,3.74
MY,80,27,3.74
MY,80,28,3.74
MY,80,29,3.74
MY,80,30,3.74
MY,80,31,3.96
MY,80,32,3.96
MY,80,33,3.96
MY,80,34,3.96
MY,80,35,3.96
MY,80,36,3.96
MY,80,37,3.96
MY,80,38,3.96
MY,80,39,3.96
MY,80,40,3.96
MY,80,41,3.96
MY,80,42,3.96
MY,80,43,3.96
MY,80,44,3.96
MY,80,45,3.96
MY,90,1,1.13
MY,90,2,1.13
MY,90,3,1.13
MY,90,4,1.59
MY,90,5,1.59
MY,90,6,1.59
MY,90,7,1.92
MY,90,8,1.92
MY,90,9,1.92
MY,90,10,1.92
MY,90,11,2.61
MY,90,12,2.61
MY,90,13,2.61
MY,90,14,2.61
MY,90,15,2.61
MY,90,16,3.28
MY,90,17,3.28
MY,90,18,3.28
MY,90,19,3.28
MY,90,20,3.28
MY,90,21,3.51
MY,90,22,3.51
MY,90,23,3.51
MY,90,24,3.51
MY,90,25,3.51
MY,90,26,3.74
MY,90,27,3.74
MY,90,28,3.74
MY,90,29,3.74
MY,90,30,3.74
MY,90,31,3.96
MY,90,32,3.96
MY,90,33,3.96
MY,90,34,3.96
MY,90,35,3.96
MY,90,36,3.96
MY,90,37,3.96
MY,90,38,3.96
MY,90,39,3.96
MY,90,40,3.96
MY,90,41,3.96
MY,90,42,3.96
MY,90,43,3.96
MY,90,44,3.96
MY,90,45,3.96
MY,100,1,1.13
MY,100,2,1.13
MY,100,3,1.13
MY,100,4,1.59
MY,100,5,1.59
MY,100,6,1.59
MY,100,7,1.92
MY,100,8,1.92
MY,100,9,1.92
MY,100,10,1.92
MY,100,11,2.61
MY,100,12,2.61
MY,100,13,2.61
MY,100,14,2.61
MY,100,15,2.61
MY,100,16,3.28
MY,100,17,3.28
MY,100,18,3.28
MY,100,19,3.28
MY,100,20,3.28
MY,100,21,3.51
MY,100,22,3.51
MY,100,23,3.51
MY,100,24,3.51
MY,100,25,3.51
MY,100,26,3.74
MY,100,27,3.74
MY,100,28,3.74
MY,100,29,3.74
MY,100,30,3.74
MY,100,31,3.96
MY,100,32,3.96
MY,100,33,3.96
MY,100,34,3.96
MY,100,35,3.96
MY,100,36,3.96
MY,100,37,3.96
MY,100,38,3.96
MY,100,39,3.96
MY,100,40,3.96
MY,100,41,3.96
MY,100,42,3.96
MY,100,43,3.96
MY,100,44,3.96
MY,100,45,3.96
AU,10,1,4.52
AU,10,2,4.52
AU,10,3,4.52
AU,10,4,5.47
AU,10,5,5.47
AU,10,6,5.47
AU,10,7,6.42
AU,10,8,6.42
AU,10,9,6.42
AU,10,10,6.42
AU,10,11,8.09
AU,10,12,8.09
AU,10,13,8.09
AU,10,14,8.09
AU,10,15,8.09
AU,10,16,8.91
AU,10,17,8.91
AU,10,18,8.91
AU,10,19,8.91
AU,10,20,8.91
AU,10,21,9.03
AU,10,22,9.03
AU,10,23,9.03
VN,80,20,3.18
AU,10,24,9.03
AU,10,25,9.03
AU,10,26,9.63
AU,10,27,9.63
AU,10,28,9.63
AU,10,29,9.63
AU,10,30,9.63
AU,10,31,10.34
AU,10,32,10.34
AU,10,33,10.34
AU,10,34,10.34
AU,10,35,10.34
AU,10,36,10.34
AU,10,37,10.34
AU,10,38,10.34
AU,10,39,10.34
AU,20,1,3.33
AU,20,2,3.33
AU,20,3,3.33
AU,20,4,4.4
AU,20,5,4.4
AU,20,6,4.4
AU,20,7,5.35
AU,20,8,5.35
AU,20,15,6.65
AU,20,16,7.37
AU,20,17,7.37
AU,20,18,7.37
AU,20,19,7.37
AU,20,20,7.37
AU,20,21,7.49
AU,20,22,7.49
AU,20,23,7.49
AU,20,24,7.49
AU,20,25,7.49
AU,20,26,7.97
AU,20,27,7.97
AU,20,28,7.97
AU,20,29,7.97
AU,20,30,7.97
AU,20,31,8.91
AU,20,32,8.91
AU,20,33,8.91
AU,20,34,8.91
AU,20,35,8.91
AU,20,36,8.91
AU,20,37,8.91
AU,20,38,8.91
AU,20,39,8.91
AU,20,40,8.91
AU,20,41,8.91
AU,20,42,8.91
AU,20,43,8.91
AU,20,44,8.91
AU,20,45,8.91
AU,30,1,2.85
AU,30,2,2.85
AU,30,3,2.85
AU,30,4,3.57
AU,30,5,3.57
AU,30,6,3.57
AU,30,7,4.99
AU,30,8,4.99
AU,30,9,4.99
AU,30,10,4.99
AU,30,11,6.42
AU,30,12,6.42
AU,30,13,6.42
AU,30,14,6.42
AU,30,15,6.42
AU,30,16,6.89
AU,30,17,6.89
AU,30,18,6.89
AU,30,19,6.89
AU,30,20,6.89
AU,30,21,7.01
AU,30,22,7.01
AU,30,23,7.01
AU,30,24,7.01
AU,30,25,7.01
AU,30,26,7.13
AU,30,27,7.13
AU,30,28,7.13
AU,30,29,7.13
AU,30,30,7.13
AU,30,31,7.97
AU,30,32,7.97
AU,30,33,7.97
AU,30,34,7.97
AU,30,35,7.97
AU,30,36,7.97
AU,30,37,7.97
AU,30,38,7.97
AU,30,39,7.97
AU,30,40,7.97
AU,30,41,7.97
AU,30,42,7.97
AU,30,43,7.97
AU,30,44,7.97
AU,30,45,7.97
AU,40,1,2.38
AU,40,2,2.38
AU,40,3,2.38
AU,40,4,2.85
AU,40,5,2.85
AU,40,6,2.85
AU,40,7,3.92
AU,40,8,3.92
AU,40,9,3.92
AU,40,10,3.92
AU,40,11,4.99
AU,40,12,4.99
AU,40,13,4.99
AU,40,14,4.99
AU,40,15,4.99
AU,40,16,5.59
AU,40,17,5.59
AU,40,18,5.59
AU,40,19,5.59
AU,40,20,5.59
AU,40,21,5.71
AU,40,22,5.71
AU,40,23,5.71
AU,40,24,5.71
AU,40,25,5.71
AU,40,26,5.83
AU,40,27,5.83
AU,40,28,5.83
AU,40,29,5.83
AU,40,30,5.83
AU,40,31,6.53
AU,40,32,6.53
AU,40,33,6.53
AU,40,34,6.53
AU,40,35,6.53
AU,40,36,6.53
AU,40,37,6.53
AU,40,38,6.53
AU,40,39,6.53
AU,40,40,6.53
AU,40,41,6.53
AU,40,42,6.53
AU,40,43,6.53
AU,40,44,6.53
AU,40,45,6.53
AU,50,1,2.38
AU,50,2,2.38
AU,50,3,2.38
AU,50,4,2.85
AU,50,5,2.85
AU,50,6,2.85
AU,50,7,3.92
AU,50,8,3.92
AU,50,9,3.92
AU,50,10,3.92
AU,50,11,4.99
AU,50,12,4.99
AU,50,13,4.99
AU,50,14,4.99
AU,50,15,4.99
AU,50,16,5.59
AU,50,17,5.59
AU,50,18,5.59
AU,50,19,5.59
AU,50,20,5.59
AU,50,21,5.71
AU,50,22,5.71
AU,50,23,5.71
AU,50,24,5.71
AU,50,25,5.71
AU,50,26,5.83
AU,50,27,5.83
AU,50,28,5.83
AU,50,29,5.83
AU,50,30,5.83
AU,50,31,6.53
AU,50,32,6.53
AU,50,33,6.53
AU,50,34,6.53
AU,50,35,6.53
AU,50,36,6.53
AU,50,37,6.53
AU,50,38,6.53
AU,50,39,6.53
AU,50,40,6.53
AU,50,41,6.53
AU,50,42,6.53
AU,50,43,6.53
AU,50,44,6.53
AU,50,45,6.53
AU,60,1,1.66
AU,60,2,1.66
AU,60,3,1.66
AU,60,4,2.38
AU,60,5,2.38
AU,60,6,2.38
AU,60,7,3.09
AU,60,8,3.09
AU,60,9,3.09
AU,60,10,3.09
AU,60,11,3.92
AU,60,12,3.92
AU,60,13,3.92
AU,60,14,3.92
AU,60,15,3.92
AU,60,16,4.4
AU,60,17,4.4
AU,60,18,4.4
AU,60,19,4.4
AU,60,20,4.4
AU,60,21,4.64
AU,60,22,4.64
AU,60,23,4.64
AU,60,24,4.64
AU,60,25,4.64
AU,60,26,4.87
AU,60,27,4.87
AU,60,28,4.87
AU,60,29,4.87
AU,60,30,4.87
AU,60,31,5.11
AU,60,32,5.11
AU,60,33,5.11
AU,60,34,5.11
AU,60,35,5.11
AU,60,36,5.11
AU,60,37,5.11
AU,60,38,5.11
AU,60,39,5.11
AU,60,40,5.11
AU,60,41,5.11
AU,60,42,5.11
AU,60,43,5.11
AU,60,44,5.11
AU,60,45,5.11
AU,70,1,1.66
AU,70,2,1.66
AU,70,3,1.66
AU,70,4,2.38
AU,70,5,2.38
AU,70,6,2.38
AU,70,7,3.09
AU,70,8,3.09
AU,70,9,3.09
AU,70,10,3.09
AU,70,11,3.92
AU,70,12,3.92
AU,70,13,3.92
AU,70,14,3.92
AU,70,15,3.92
AU,70,16,4.4
AU,70,17,4.4
AU,70,18,4.4
AU,70,19,4.4
AU,70,20,4.4
AU,70,21,4.64
AU,70,22,4.64
AU,70,23,4.64
AU,70,24,4.64
AU,70,25,4.64
AU,70,26,4.87
AU,70,27,4.87
AU,70,28,4.87
AU,70,29,4.87
AU,70,30,4.87
AU,70,31,5.11
AU,70,32,5.11
AU,70,33,5.11
AU,70,34,5.11
AU,70,35,5.11
AU,70,36,5.11
AU,70,37,5.11
AU,70,38,5.11
AU,70,39,5.11
AU,70,40,5.11
AU,70,41,5.11
AU,70,42,5.11
AU,70,43,5.11
AU,70,44,5.11
AU,70,45,5.11
AU,80,1,1.18
AU,80,2,1.18
AU,80,3,1.18
AU,80,4,1.66
AU,80,5,1.66
AU,80,6,1.66
AU,80,7,2.02
AU,80,8,2.02
AU,80,9,2.02
AU,80,10,2.02
AU,80,11,2.74
AU,80,12,2.74
AU,80,13,2.74
AU,80,14,2.74
AU,80,15,2.74
AU,80,16,3.45
AU,80,17,3.45
AU,80,18,3.45
AU,80,19,3.45
AU,80,20,3.45
AU,80,21,3.68
AU,80,22,3.68
AU,80,23,3.68
AU,80,24,3.68
AU,80,25,3.68
AU,80,26,3.92
AU,80,27,3.92
AU,80,28,3.92
AU,80,29,3.92
AU,80,30,3.92
AU,80,31,4.16
AU,80,32,4.16
AU,80,33,4.16
AU,80,34,4.16
AU,80,35,4.16
AU,80,36,4.16
AU,80,37,4.16
AU,80,38,4.16
AU,80,39,4.16
AU,80,40,4.16
AU,80,41,4.16
AU,80,42,4.16
AU,80,43,4.16
AU,80,44,4.16
AU,80,45,4.16
AU,90,1,1.18
AU,90,2,1.18
AU,90,3,1.18
AU,90,4,1.66
AU,90,5,1.66
AU,90,6,1.66
AU,90,7,2.02
AU,90,8,2.02
AU,90,9,2.02
AU,90,10,2.02
AU,90,11,2.74
AU,90,12,2.74
AU,90,13,2.74
AU,90,14,2.74
AU,90,15,2.74
AU,90,16,3.45
AU,90,17,3.45
AU,90,18,3.45
AU,90,19,3.45
AU,90,20,3.45
AU,90,21,3.68
AU,90,22,3.68
AU,90,23,3.68
AU,90,24,3.68
AU,90,25,3.68
AU,90,26,3.92
AU,90,27,3.92
AU,90,28,3.92
AU,90,29,3.92
AU,90,30,3.92
AU,90,31,4.16
AU,90,32,4.16
AU,90,33,4.16
AU,90,34,4.16
AU,90,35,4.16
AU,90,36,4.16
AU,90,37,4.16
AU,90,38,4.16
AU,90,39,4.16
AU,90,40,4.16
AU,90,41,4.16
AU,90,42,4.16
AU,90,43,4.16
AU,90,44,4.16
AU,90,45,4.16
AU,100,1,1.18
AU,100,2,1.18
AU,100,3,1.18
AU,100,4,1.66
AU,100,5,1.66
AU,100,6,1.66
AU,100,7,2.02
AU,100,8,2.02
AU,100,9,2.02
AU,100,10,2.02
AU,100,11,2.74
AU,100,12,2.74
AU,100,13,2.74
AU,100,14,2.74
AU,100,15,2.74
AU,100,16,3.45
AU,100,17,3.45
AU,100,18,3.45
AU,100,19,3.45
AU,100,20,3.45
AU,100,21,3.68
AU,100,22,3.68
AU,100,23,3.68
AU,100,24,3.68
AU,100,25,3.68
AU,100,26,3.92
AU,100,27,3.92
AU,100,28,3.92
AU,100,29,3.92
AU,100,30,3.92
AU,100,31,4.16
AU,100,32,4.16
AU,100,33,4.16
AU,100,34,4.16
AU,100,35,4.16
AU,100,36,4.16
AU,100,37,4.16
AU,100,38,4.16
AU,100,39,4.16
AU,100,40,4.16
AU,100,41,4.16
AU,100,42,4.16
AU,100,43,4.16
AU,100,44,4.16
AU,100,45,4.16
AU,10,40,10.34
AU,10,41,10.34
AU,10,42,10.34
AU,10,43,10.34
AU,10,44,10.34
AU,10,45,10.34
AU,20,9,5.35
AU,20,10,5.35
AU,20,11,6.65
AU,20,12,6.65
AU,20,13,6.65
AU,20,14,6.65
NZ,10,1,5.01
NZ,10,2,5.01
NZ,10,3,5.01
NZ,10,4,6.07
NZ,10,5,6.07
NZ,10,6,6.07
NZ,10,7,7.12
NZ,10,8,7.12
NZ,10,9,7.12
NZ,10,10,7.12
NZ,10,11,8.97
NZ,10,12,8.97
NZ,10,13,8.97
NZ,10,14,8.97
NZ,10,15,8.97
NZ,10,16,9.88
NZ,10,17,9.88
NZ,10,18,9.88
NZ,10,19,9.88
NZ,10,20,9.88
NZ,10,21,10.02
NZ,10,22,10.02
NZ,10,23,10.02
NZ,10,24,10.02
NZ,10,25,10.02
NZ,10,26,10.67
NZ,10,27,10.67
NZ,10,28,10.67
NZ,10,29,10.67
NZ,10,30,10.67
NZ,10,31,11.47
NZ,10,32,11.47
NZ,10,33,11.47
NZ,10,34,11.47
NZ,10,35,11.47
NZ,10,36,11.47
NZ,10,37,11.47
NZ,10,38,11.47
NZ,10,39,11.47
NZ,10,40,11.47
NZ,10,41,11.47
NZ,10,42,11.47
NZ,10,43,11.47
NZ,10,44,11.47
NZ,10,45,11.47
NZ,20,1,3.7
NZ,20,2,3.7
NZ,20,3,3.7
NZ,20,4,4.88
NZ,20,5,4.88
NZ,20,6,4.88
NZ,20,7,5.93
NZ,20,8,5.93
NZ,20,9,5.93
NZ,20,10,5.93
NZ,20,11,7.38
NZ,20,12,7.38
NZ,20,13,7.38
NZ,20,14,7.38
NZ,20,15,7.38
NZ,20,16,8.17
NZ,20,17,8.17
NZ,20,18,8.17
NZ,20,19,8.17
NZ,20,20,8.17
NZ,20,21,8.3
NZ,20,22,8.3
NZ,20,23,8.3
NZ,20,25,8.3
NZ,20,26,8.83
NZ,20,27,8.83
NZ,20,28,8.83
NZ,20,29,8.83
NZ,20,30,8.83
NZ,20,31,9.88
NZ,20,32,9.88
NZ,20,33,9.88
NZ,20,34,9.88
NZ,20,35,9.88
NZ,20,36,9.88
NZ,20,37,9.88
NZ,20,38,9.88
NZ,20,39,9.88
NZ,20,40,9.88
NZ,20,41,9.88
NZ,20,42,9.88
NZ,20,43,9.88
NZ,20,44,9.88
NZ,20,45,9.88
NZ,30,1,3.16
NZ,30,2,3.16
NZ,30,3,3.16
NZ,30,4,3.96
NZ,30,5,3.96
NZ,30,6,3.96
NZ,30,7,5.53
NZ,30,8,5.53
NZ,30,9,5.53
NZ,30,10,5.53
NZ,30,11,7.12
NZ,30,12,7.12
NZ,30,13,7.12
NZ,30,14,7.12
NZ,30,15,7.12
NZ,30,16,7.64
NZ,30,17,7.64
NZ,30,18,7.64
NZ,30,19,7.64
NZ,30,20,7.64
NZ,30,21,7.77
NZ,30,22,7.77
NZ,30,23,7.77
NZ,30,24,7.77
NZ,30,25,7.77
NZ,30,26,7.91
NZ,30,27,7.91
NZ,30,28,7.91
NZ,30,29,7.91
NZ,30,30,7.91
NZ,30,31,8.83
NZ,30,32,8.83
NZ,30,33,8.83
NZ,30,34,8.83
NZ,30,35,8.83
NZ,30,36,8.83
NZ,30,37,8.83
NZ,30,38,8.83
NZ,30,39,8.83
NZ,30,40,8.83
NZ,30,41,8.83
NZ,30,42,8.83
NZ,30,43,8.83
NZ,30,44,8.83
NZ,30,45,8.83
NZ,40,1,2.64
NZ,40,2,2.64
NZ,40,3,2.64
NZ,40,4,3.16
NZ,40,5,3.16
NZ,40,6,3.16
NZ,40,7,4.35
NZ,40,8,4.35
NZ,40,9,4.35
NZ,40,10,4.35
NZ,40,11,5.53
NZ,40,12,5.53
NZ,40,13,5.53
NZ,40,14,5.53
NZ,40,15,5.53
NZ,40,16,6.2
NZ,40,17,6.2
NZ,40,18,6.2
NZ,40,19,6.2
NZ,40,20,6.2
NZ,40,21,6.33
NZ,40,22,6.33
NZ,40,23,6.33
NZ,40,24,6.33
NZ,40,25,6.33
NZ,40,26,6.46
NZ,40,27,6.46
NZ,40,28,6.46
NZ,40,29,6.46
NZ,40,30,6.46
NZ,40,31,7.25
NZ,40,32,7.25
NZ,40,33,7.25
NZ,40,34,7.25
NZ,40,35,7.25
NZ,40,36,7.25
NZ,40,37,7.25
NZ,40,38,7.25
NZ,40,39,7.25
NZ,40,40,7.25
NZ,40,41,7.25
NZ,40,42,7.25
NZ,40,43,7.25
NZ,40,44,7.25
NZ,40,45,7.25
NZ,50,1,2.64
NZ,50,2,2.64
NZ,50,3,2.64
NZ,50,4,3.16
NZ,50,5,3.16
NZ,50,6,3.16
NZ,50,7,4.35
NZ,50,8,4.35
NZ,50,9,4.35
NZ,50,10,4.35
NZ,50,11,5.53
NZ,50,12,5.53
NZ,50,13,5.53
NZ,50,14,5.53
NZ,50,15,5.53
NZ,50,16,6.2
NZ,50,17,6.2
NZ,50,18,6.2
NZ,50,19,6.2
NZ,50,20,6.2
NZ,50,21,6.33
NZ,50,22,6.33
NZ,50,23,6.33
NZ,50,24,6.33
NZ,50,25,6.33
NZ,50,26,6.46
NZ,50,27,6.46
NZ,50,28,6.46
NZ,50,29,6.46
NZ,50,30,6.46
NZ,50,31,7.25
NZ,50,32,7.25
NZ,50,33,7.25
NZ,50,34,7.25
NZ,50,35,7.25
NZ,50,36,7.25
NZ,50,37,7.25
NZ,50,38,7.25
NZ,50,39,7.25
NZ,50,40,7.25
NZ,50,41,7.25
NZ,50,42,7.25
NZ,50,43,7.25
NZ,50,44,7.25
NZ,50,45,7.25
NZ,60,1,1.85
NZ,60,2,1.85
NZ,60,3,1.85
NZ,60,4,2.64
NZ,60,5,2.64
NZ,60,6,2.64
NZ,60,7,3.42
NZ,60,8,3.42
NZ,60,9,3.42
NZ,60,10,3.42
NZ,60,11,4.35
NZ,60,12,4.35
NZ,60,13,4.35
NZ,60,14,4.35
NZ,60,15,4.35
NZ,60,16,4.88
NZ,60,17,4.88
NZ,60,18,4.88
NZ,60,19,4.88
NZ,60,20,4.88
NZ,60,21,5.14
NZ,60,22,5.14
NZ,60,23,5.14
NZ,60,24,5.14
NZ,60,25,5.14
NZ,60,26,5.4
NZ,60,27,5.4
NZ,60,28,5.4
NZ,60,29,5.4
NZ,60,30,5.4
NZ,60,31,5.66
NZ,60,32,5.66
NZ,60,33,5.66
NZ,60,34,5.66
NZ,60,35,5.66
NZ,60,36,5.66
NZ,60,37,5.66
NZ,60,38,5.66
NZ,60,39,5.66
NZ,60,40,5.66
NZ,60,41,5.66
NZ,60,42,5.66
NZ,60,43,5.66
NZ,60,44,5.66
NZ,60,45,5.66
NZ,70,1,1.85
NZ,70,2,1.85
NZ,70,3,1.85
NZ,70,4,2.64
NZ,70,5,2.64
NZ,70,6,2.64
NZ,70,7,3.42
NZ,70,8,3.42
NZ,70,9,3.42
NZ,70,10,3.42
NZ,70,11,4.35
NZ,70,12,4.35
NZ,70,13,4.35
NZ,70,14,4.35
NZ,70,15,4.35
NZ,70,16,4.88
NZ,70,17,4.88
NZ,70,18,4.88
NZ,70,19,4.88
NZ,70,20,4.88
NZ,70,21,5.14
NZ,70,22,5.14
NZ,70,23,5.14
NZ,70,24,5.14
NZ,70,25,5.14
NZ,70,26,5.4
NZ,70,27,5.4
NZ,70,28,5.4
NZ,70,29,5.4
NZ,70,30,5.4
NZ,70,31,5.66
NZ,70,32,5.66
NZ,70,33,5.66
NZ,70,34,5.66
NZ,70,35,5.66
NZ,70,36,5.66
NZ,70,37,5.66
NZ,70,38,5.66
NZ,70,39,5.66
NZ,70,40,5.66
NZ,70,41,5.66
NZ,70,42,5.66
NZ,70,43,5.66
NZ,70,44,5.66
NZ,70,45,5.66
NZ,80,1,1.32
NZ,80,2,1.32
NZ,80,3,1.32
NZ,80,4,1.85
NZ,80,5,1.85
NZ,80,6,1.85
NZ,80,7,2.24
NZ,80,8,2.24
NZ,80,9,2.24
NZ,80,10,2.24
NZ,80,11,3.03
NZ,80,12,3.03
NZ,80,13,3.03
NZ,80,14,3.03
NZ,80,15,3.03
NZ,80,16,3.83
NZ,80,17,3.83
NZ,80,18,3.83
NZ,80,19,3.83
NZ,80,20,3.83
NZ,80,21,4.09
NZ,80,22,4.09
NZ,80,23,4.09
NZ,80,24,4.09
NZ,80,25,4.09
NZ,80,26,4.35
NZ,80,27,4.35
NZ,80,28,4.35
NZ,80,29,4.35
NZ,80,30,4.35
NZ,80,31,4.61
NZ,80,32,4.61
NZ,80,33,4.61
NZ,80,34,4.61
NZ,80,35,4.61
NZ,80,36,4.61
NZ,80,37,4.61
NZ,80,38,4.61
NZ,80,39,4.61
NZ,80,40,4.61
NZ,80,41,4.61
NZ,80,42,4.61
NZ,80,43,4.61
NZ,80,44,4.61
NZ,80,45,4.61
NZ,90,1,1.32
NZ,90,2,1.32
NZ,90,3,1.32
NZ,90,4,1.85
NZ,90,5,1.85
NZ,90,6,1.85
NZ,90,7,2.24
NZ,90,8,2.24
NZ,90,9,2.24
NZ,90,10,2.24
NZ,90,11,3.03
NZ,90,12,3.03
NZ,90,13,3.03
NZ,90,14,3.03
NZ,90,15,3.03
NZ,90,16,3.83
NZ,90,17,3.83
NZ,90,18,3.83
NZ,90,19,3.83
NZ,90,20,3.83
NZ,90,21,4.09
NZ,90,22,4.09
NZ,90,23,4.09
NZ,90,24,4.09
NZ,90,25,4.09
NZ,90,26,4.35
NZ,90,27,4.35
NZ,90,28,4.35
NZ,90,29,4.35
NZ,90,30,4.35
NZ,90,31,4.61
NZ,90,32,4.61
NZ,90,33,4.61
NZ,90,34,4.61
NZ,90,35,4.61
NZ,90,36,4.61
NZ,90,37,4.61
NZ,90,38,4.61
NZ,90,39,4.61
NZ,90,40,4.61
NZ,90,41,4.61
NZ,90,42,4.61
NZ,90,43,4.61
NZ,90,44,4.61
NZ,90,45,4.61
NZ,100,1,1.32
NZ,100,2,1.32
NZ,100,3,1.32
NZ,100,4,1.85
NZ,100,5,1.85
NZ,100,6,1.85
NZ,100,7,2.24
NZ,100,8,2.24
NZ,100,9,2.24
NZ,100,10,2.24
NZ,100,11,3.03
NZ,100,12,3.03
NZ,100,13,3.03
NZ,100,14,3.03
NZ,100,15,3.03
NZ,100,16,3.83
NZ,100,17,3.83
NZ,100,18,3.83
NZ,100,19,3.83
NZ,100,20,3.83
NZ,100,21,4.09
NZ,100,22,4.09
NZ,100,23,4.09
NZ,100,24,4.09
NZ,100,25,4.09
NZ,100,26,4.35
NZ,100,27,4.35
NZ,100,28,4.35
NZ,100,29,4.35
NZ,100,30,4.35
NZ,100,31,4.61
NZ,100,32,4.61
NZ,100,33,4.61
NZ,100,34,4.61
NZ,100,35,4.61
NZ,100,36,4.61
NZ,100,37,4.61
NZ,100,38,4.61
NZ,100,39,4.61
NZ,100,40,4.61
NZ,100,41,4.61
NZ,100,42,4.61
NZ,100,43,4.61
NZ,100,44,4.61
NZ,100,45,4.61
BR,10,1,3.48
BR,10,2,3.48
BR,10,3,3.48
BR,10,4,4.21
BR,10,5,4.21
BR,10,6,4.21
BR,10,7,4.95
BR,10,8,4.95
BR,10,9,4.95
BR,10,10,4.95
BR,10,11,6.23
BR,10,12,6.23
BR,10,13,6.23
BR,10,14,6.23
BR,10,15,6.23
BR,10,16,6.87
BR,10,17,6.87
BR,10,18,6.87
BR,10,19,6.87
BR,10,20,6.87
BR,10,21,6.96
BR,10,22,6.96
BR,10,23,6.96
BR,10,24,6.96
BR,10,25,6.96
BR,10,26,7.41
BR,10,27,7.41
BR,10,28,7.41
BR,10,29,7.41
BR,10,30,7.41
BR,10,31,7.97
BR,10,32,7.97
BR,10,33,7.97
BR,10,34,7.97
BR,10,35,7.97
BR,10,36,7.97
BR,10,37,7.97
BR,10,38,7.97
BR,10,39,7.97
BR,10,40,7.97
BR,10,41,7.97
BR,10,42,7.97
BR,10,43,7.97
BR,10,44,7.97
BR,10,45,7.97
BR,20,1,2.57
BR,20,2,2.57
BR,20,3,2.57
BR,20,4,3.39
BR,20,5,3.39
BR,20,6,3.39
BR,20,7,4.12
BR,20,8,4.12
BR,20,9,4.12
BR,20,10,4.12
BR,20,11,5.13
BR,20,12,5.13
BR,20,13,5.13
BR,20,14,5.13
BR,20,15,5.13
BR,20,16,5.67
BR,20,17,5.67
BR,20,18,5.67
BR,20,19,5.67
BR,20,20,5.67
BR,20,21,5.77
BR,20,22,5.77
BR,20,23,5.77
BR,20,24,5.77
BR,20,25,5.77
BR,20,26,6.13
BR,20,27,6.13
BR,20,28,6.13
BR,20,29,6.13
BR,20,30,6.13
BR,20,31,6.87
BR,20,32,6.87
BR,20,33,6.87
BR,20,34,6.87
BR,20,35,6.87
BR,20,36,6.87
BR,20,37,6.87
BR,20,38,6.87
BR,20,39,6.87
BR,20,40,6.87
BR,20,41,6.87
BR,20,42,6.87
BR,20,43,6.87
BR,20,44,6.87
BR,20,45,6.87
BR,30,1,2.2
BR,30,2,2.2
BR,30,3,2.2
BR,30,4,2.75
BR,30,5,2.75
BR,30,6,2.75
BR,30,7,3.85
BR,30,8,3.85
BR,30,9,3.85
BR,30,10,3.85
BR,30,11,4.95
BR,30,12,4.95
BR,30,13,4.95
BR,30,14,4.95
BR,30,15,4.95
BR,30,16,5.3
BR,30,17,5.3
BR,30,18,5.3
BR,30,19,5.3
BR,30,20,5.3
BR,30,21,5.4
BR,30,22,5.4
BR,30,23,5.4
BR,30,24,5.4
BR,30,25,5.4
BR,30,26,5.49
BR,30,27,5.49
BR,30,28,5.49
BR,30,29,5.49
BR,30,30,5.49
BR,30,31,6.13
BR,30,32,6.13
BR,30,33,6.13
BR,30,35,6.13
BR,30,36,6.13
BR,30,37,6.13
BR,30,38,6.13
BR,30,39,6.13
BR,30,40,6.13
BR,30,41,6.13
BR,30,42,6.13
BR,30,43,6.13
BR,30,44,6.13
BR,30,45,6.13
BR,40,1,1.83
BR,40,2,1.83
BR,40,3,1.83
BR,40,4,2.2
BR,40,5,2.2
BR,40,6,2.2
BR,40,7,3.02
BR,40,8,3.02
BR,40,9,3.02
BR,40,10,3.02
BR,40,11,3.85
BR,40,12,3.85
BR,40,13,3.85
BR,40,14,3.85
BR,40,15,3.85
NZ,20,24,8.3
BR,30,34,6.13
BR,40,16,4.3
BR,40,17,4.3
BR,40,18,4.3
BR,40,19,4.3
BR,40,20,4.3
BR,40,21,4.39
BR,40,22,4.39
BR,40,23,4.39
BR,40,24,4.39
BR,40,25,4.39
BR,40,26,4.49
BR,40,27,4.49
BR,40,28,4.49
BR,40,29,4.49
BR,40,30,4.49
BR,40,31,5.03
BR,40,32,5.03
BR,40,33,5.03
BR,40,34,5.03
BR,40,35,5.03
BR,40,36,5.03
BR,40,37,5.03
BR,40,38,5.03
BR,40,39,5.03
BR,40,40,5.03
BR,40,41,5.03
BR,40,42,5.03
BR,40,43,5.03
BR,40,44,5.03
BR,40,45,5.03
BR,50,1,1.83
BR,50,2,1.83
BR,50,3,1.83
BR,50,4,2.2
BR,50,5,2.2
BR,50,6,2.2
BR,50,7,3.02
BR,50,8,3.02
BR,50,9,3.02
BR,50,10,3.02
BR,50,11,3.85
BR,50,12,3.85
BR,50,13,3.85
BR,50,14,3.85
BR,50,15,3.85
BR,50,16,4.3
BR,50,17,4.3
BR,50,18,4.3
BR,50,19,4.3
BR,50,20,4.3
BR,50,21,4.39
BR,50,22,4.39
BR,50,23,4.39
BR,50,24,4.39
BR,50,25,4.39
BR,50,26,4.49
BR,50,27,4.49
BR,50,28,4.49
BR,50,29,4.49
BR,50,30,4.49
BR,50,31,5.03
BR,50,32,5.03
BR,50,33,5.03
BR,50,34,5.03
BR,50,35,5.03
BR,50,36,5.03
BR,50,37,5.03
BR,50,38,5.03
BR,50,39,5.03
BR,50,40,5.03
BR,50,41,5.03
BR,50,42,5.03
BR,50,43,5.03
BR,50,44,5.03
BR,50,45,5.03
BR,60,1,1.28
BR,60,2,1.28
BR,60,3,1.28
BR,60,4,1.83
BR,60,5,1.83
BR,60,6,1.83
BR,60,7,2.38
BR,60,8,2.38
BR,60,9,2.38
BR,60,10,2.38
BR,60,11,3.02
BR,60,12,3.02
BR,60,13,3.02
BR,60,14,3.02
BR,60,15,3.02
BR,60,16,3.39
BR,60,17,3.39
BR,60,18,3.39
BR,60,19,3.39
BR,60,20,3.39
BR,60,21,3.57
BR,60,22,3.57
BR,60,23,3.57
BR,60,24,3.57
BR,60,25,3.57
BR,60,26,3.75
BR,60,27,3.75
BR,60,28,3.75
BR,60,29,3.75
BR,60,30,3.75
BR,60,31,3.93
BR,60,32,3.93
BR,60,33,3.93
BR,60,34,3.93
BR,60,35,3.93
BR,60,36,3.93
BR,60,37,3.93
BR,60,38,3.93
BR,60,39,3.93
BR,60,40,3.93
BR,60,41,3.93
BR,60,42,3.93
BR,60,43,3.93
BR,60,44,3.93
BR,60,45,3.93
BR,70,1,1.28
BR,70,2,1.28
BR,70,3,1.28
BR,70,4,1.83
BR,70,5,1.83
BR,70,6,1.83
BR,70,7,2.38
BR,70,8,2.38
BR,70,9,2.38
BR,70,10,2.38
BR,70,11,3.02
BR,70,12,3.02
BR,70,13,3.02
BR,70,14,3.02
BR,70,15,3.02
BR,70,16,3.39
BR,70,17,3.39
BR,70,18,3.39
BR,70,19,3.39
BR,70,20,3.39
BR,70,21,3.57
BR,70,22,3.57
BR,70,23,3.57
BR,70,24,3.57
BR,70,25,3.57
BR,70,26,3.75
BR,70,27,3.75
BR,70,28,3.75
BR,70,29,3.75
BR,70,30,3.75
BR,70,31,3.93
BR,70,32,3.93
BR,70,33,3.93
BR,70,34,3.93
BR,70,35,3.93
BR,70,36,3.93
BR,70,37,3.93
BR,70,38,3.93
BR,70,39,3.93
BR,70,40,3.93
BR,70,41,3.93
BR,70,42,3.93
BR,70,43,3.93
BR,70,44,3.93
BR,70,45,3.93
BR,80,1,0.91
BR,80,2,0.91
BR,80,3,0.91
BR,80,4,1.28
BR,80,5,1.28
BR,80,6,1.28
BR,80,7,1.55
BR,80,8,1.55
BR,80,9,1.55
BR,80,10,1.55
BR,80,11,2.11
BR,80,12,2.11
BR,80,13,2.11
BR,80,14,2.11
BR,80,15,2.11
BR,80,16,2.65
BR,80,17,2.65
BR,80,18,2.65
BR,80,19,2.65
BR,80,20,2.65
BR,80,21,2.84
BR,80,22,2.84
BR,80,23,2.84
BR,80,24,2.84
BR,80,25,2.84
BR,80,26,3.02
BR,80,27,3.02
BR,80,28,3.02
BR,80,29,3.02
BR,80,30,3.02
BR,80,31,3.21
BR,80,32,3.21
BR,80,33,3.21
BR,80,34,3.21
BR,80,35,3.21
BR,80,36,3.21
BR,80,37,3.21
BR,80,38,3.21
BR,80,39,3.21
BR,80,40,3.21
BR,80,41,3.21
BR,80,42,3.21
BR,80,43,3.21
BR,80,44,3.21
BR,80,45,3.21
BR,90,1,0.91
BR,90,2,0.91
BR,90,3,0.91
BR,90,4,1.28
BR,90,5,1.28
BR,90,6,1.28
BR,90,7,1.55
BR,90,8,1.55
BR,90,9,1.55
BR,90,10,1.55
BR,90,11,2.11
BR,90,12,2.11
BR,90,13,2.11
BR,90,14,2.11
BR,90,15,2.11
BR,90,16,2.65
BR,90,17,2.65
BR,90,18,2.65
BR,90,19,2.65
BR,90,20,2.65
BR,90,21,2.84
BR,90,22,2.84
BR,90,23,2.84
BR,90,24,2.84
BR,90,25,2.84
BR,90,26,3.02
BR,90,27,3.02
BR,90,28,3.02
BR,90,29,3.02
BR,90,30,3.02
BR,90,31,3.21
BR,90,32,3.21
BR,90,33,3.21
BR,90,34,3.21
BR,90,35,3.21
BR,90,36,3.21
BR,90,37,3.21
BR,90,38,3.21
BR,90,39,3.21
BR,90,40,3.21
BR,90,41,3.21
BR,90,42,3.21
BR,90,43,3.21
BR,90,44,3.21
BR,90,45,3.21
BR,100,1,0.91
BR,100,2,0.91
BR,100,3,0.91
BR,100,4,1.28
BR,100,5,1.28
BR,100,6,1.28
BR,100,7,1.55
BR,100,8,1.55
BR,100,9,1.55
BR,100,10,1.55
BR,100,11,2.11
BR,100,12,2.11
BR,100,13,2.11
BR,100,14,2.11
BR,100,15,2.11
BR,100,16,2.65
BR,100,17,2.65
BR,100,18,2.65
BR,100,19,2.65
BR,100,20,2.65
BR,100,21,2.84
BR,100,22,2.84
BR,100,23,2.84
BR,100,24,2.84
BR,100,25,2.84
BR,100,26,3.02
BR,100,27,3.02
BR,100,28,3.02
BR,100,29,3.02
BR,100,30,3.02
BR,100,31,3.21
BR,100,32,3.21
BR,100,33,3.21
BR,100,34,3.21
BR,100,35,3.21
BR,100,36,3.21
BR,100,37,3.21
BR,100,38,3.21
BR,100,39,3.21
BR,100,40,3.21
BR,100,41,3.21
BR,100,42,3.21
BR,100,43,3.21
BR,100,44,3.21
BR,100,45,3.21
AR,10,1,3.55
AR,10,2,3.55
AR,10,3,3.55
AR,10,4,4.3
AR,10,5,4.3
AR,10,6,4.3
AR,10,7,5.05
AR,10,8,5.05
AR,10,9,5.05
AR,10,10,5.05
AR,10,11,6.36
AR,10,12,6.36
AR,10,13,6.36
AR,10,14,6.36
AR,10,15,6.36
AR,10,16,7.01
AR,10,17,7.01
AR,10,18,7.01
AR,10,19,7.01
AR,10,20,7.01
AR,10,21,7.11
AR,10,22,7.11
AR,10,23,7.11
AR,10,24,7.11
AR,10,25,7.11
AR,10,26,7.58
AR,10,27,7.58
AR,10,28,7.58
AR,10,29,7.58
AR,10,30,7.58
AR,10,31,8.13
AR,10,32,8.13
AR,10,33,8.13
AR,10,34,8.13
AR,10,35,8.13
AR,10,36,8.13
AR,10,37,8.13
AR,10,38,8.13
AR,10,39,8.13
AR,10,40,8.13
AR,10,41,8.13
AR,10,42,8.13
AR,10,43,8.13
AR,10,44,8.13
AR,10,45,8.13
AR,20,1,2.62
AR,20,2,2.62
AR,20,3,2.62
AR,20,4,3.46
AR,20,5,3.46
AR,20,6,3.46
AR,20,7,4.21
AR,20,8,4.21
AR,20,9,4.21
AR,20,10,4.21
AR,20,11,5.24
AR,20,12,5.24
AR,20,13,5.24
AR,20,14,5.24
AR,20,15,5.24
AR,20,16,5.79
AR,20,17,5.79
AR,20,18,5.79
AR,20,19,5.79
AR,20,20,5.79
AR,20,21,5.89
AR,20,22,5.89
AR,20,23,5.89
AR,20,24,5.89
AR,20,25,5.89
AR,20,26,6.26
AR,20,27,6.26
AR,20,28,6.26
AR,20,29,6.26
AR,20,30,6.26
AR,20,31,7.01
AR,20,32,7.01
AR,20,33,7.01
AR,20,34,7.01
AR,20,35,7.01
AR,20,36,7.01
AR,20,37,7.01
AR,20,38,7.01
AR,20,39,7.01
AR,20,40,7.01
AR,20,41,7.01
AR,20,42,7.01
AR,20,43,7.01
AR,20,44,7.01
AR,20,45,7.01
AR,30,1,2.24
AR,30,2,2.24
AR,30,3,2.24
AR,30,4,2.8
AR,30,5,2.8
AR,30,6,2.8
AR,30,7,3.92
AR,30,8,3.92
AR,30,9,3.92
AR,30,10,3.92
AR,30,11,5.05
AR,30,12,5.05
AR,30,13,5.05
AR,30,14,5.05
AR,30,15,5.05
AR,30,16,5.42
AR,30,17,5.42
AR,30,18,5.42
AR,30,19,5.42
AR,30,20,5.42
AR,30,21,5.52
AR,30,22,5.52
AR,30,23,5.52
AR,30,24,5.52
AR,30,25,5.52
AR,30,26,5.61
AR,30,27,5.61
AR,30,28,5.61
AR,30,29,5.61
AR,30,30,5.61
AR,30,31,6.26
AR,30,32,6.26
AR,30,33,6.26
AR,30,34,6.26
AR,30,35,6.26
AR,30,36,6.26
AR,30,37,6.26
AR,30,38,6.26
AR,30,39,6.26
AR,30,40,6.26
AR,30,41,6.26
AR,30,42,6.26
AR,30,43,6.26
AR,30,44,6.26
AR,30,45,6.26
AR,40,1,1.87
AR,40,2,1.87
AR,40,3,1.87
AR,40,4,2.24
AR,40,5,2.24
AR,40,6,2.24
AR,40,7,3.09
AR,40,8,3.09
AR,40,9,3.09
AR,40,10,3.09
AR,40,11,3.92
AR,40,12,3.92
AR,40,13,3.92
AR,40,14,3.92
AR,40,15,3.92
AR,40,16,4.39
AR,40,17,4.39
AR,40,18,4.39
AR,40,19,4.39
AR,40,20,4.39
AR,40,21,4.49
AR,40,22,4.49
AR,40,23,4.49
AR,40,24,4.49
AR,40,25,4.49
AR,40,26,4.59
AR,40,27,4.59
AR,40,28,4.59
AR,40,29,4.59
AR,40,30,4.59
AR,40,31,5.14
AR,40,32,5.14
AR,40,33,5.14
AR,40,34,5.14
AR,40,35,5.14
AR,40,36,5.14
AR,40,37,5.14
AR,40,38,5.14
AR,40,39,5.14
AR,40,40,5.14
AR,40,41,5.14
AR,40,42,5.14
AR,40,43,5.14
AR,40,44,5.14
AR,40,45,5.14
AR,50,1,1.87
AR,50,2,1.87
AR,50,3,1.87
AR,50,4,2.24
AR,50,5,2.24
AR,50,6,2.24
AR,50,7,3.09
AR,50,8,3.09
AR,50,9,3.09
AR,50,10,3.09
AR,50,11,3.92
AR,50,12,3.92
AR,50,13,3.92
AR,50,14,3.92
AR,50,15,3.92
AR,50,16,4.39
AR,50,17,4.39
AR,50,18,4.39
AR,50,19,4.39
AR,50,20,4.39
AR,50,21,4.49
AR,50,22,4.49
AR,50,23,4.49
AR,50,24,4.49
AR,50,25,4.49
AR,50,26,4.59
AR,50,27,4.59
AR,50,28,4.59
AR,50,29,4.59
AR,50,30,4.59
AR,50,31,5.14
AR,50,32,5.14
AR,50,33,5.14
AR,50,34,5.14
AR,50,35,5.14
AR,50,36,5.14
AR,50,37,5.14
AR,50,38,5.14
AR,50,39,5.14
AR,50,40,5.14
AR,50,41,5.14
AR,50,42,5.14
AR,50,43,5.14
AR,50,44,5.14
AR,50,45,5.14
AR,60,1,1.3
AR,60,2,1.3
AR,60,3,1.3
AR,60,4,1.87
AR,60,5,1.87
AR,60,6,1.87
AR,60,7,2.43
AR,60,8,2.43
AR,60,9,2.43
AR,60,10,2.43
AR,60,11,3.09
AR,60,12,3.09
AR,60,13,3.09
AR,60,14,3.09
AR,60,15,3.09
AR,60,16,3.46
AR,60,17,3.46
AR,60,18,3.46
AR,60,19,3.46
AR,60,20,3.46
AR,60,21,3.65
AR,60,22,3.65
AR,60,23,3.65
AR,60,24,3.65
AR,60,25,3.65
AR,60,26,3.84
AR,60,27,3.84
AR,60,28,3.84
AR,60,29,3.84
AR,60,30,3.84
AR,60,31,4.02
AR,60,32,4.02
AR,60,33,4.02
AR,60,34,4.02
AR,60,35,4.02
AR,60,36,4.02
AR,60,37,4.02
AR,60,38,4.02
AR,60,39,4.02
AR,60,40,4.02
AR,60,41,4.02
AR,60,42,4.02
AR,60,43,4.02
AR,60,44,4.02
AR,60,45,4.02
AR,70,1,1.3
AR,70,2,1.3
AR,70,3,1.3
AR,70,4,1.87
AR,70,5,1.87
AR,70,6,1.87
AR,70,7,2.43
AR,70,8,2.43
AR,70,9,2.43
AR,70,10,2.43
AR,70,11,3.09
AR,70,12,3.09
AR,70,13,3.09
AR,70,14,3.09
AR,70,15,3.09
AR,70,16,3.46
AR,70,17,3.46
AR,70,18,3.46
AR,70,19,3.46
AR,70,20,3.46
AR,70,21,3.65
AR,70,22,3.65
AR,70,23,3.65
AR,70,24,3.65
AR,70,25,3.65
AR,70,26,3.84
AR,70,27,3.84
AR,70,28,3.84
AR,70,29,3.84
AR,70,30,3.84
AR,70,31,4.02
AR,70,32,4.02
AR,70,33,4.02
AR,70,34,4.02
AR,70,35,4.02
AR,70,36,4.02
AR,70,37,4.02
AR,70,38,4.02
AR,70,39,4.02
AR,70,40,4.02
AR,70,41,4.02
AR,70,42,4.02
AR,70,43,4.02
AR,70,44,4.02
AR,70,45,4.02
AR,80,1,0.93
AR,80,2,0.93
AR,80,3,0.93
AR,80,4,1.3
AR,80,5,1.3
AR,80,6,1.3
AR,80,7,1.59
AR,80,8,1.59
AR,80,9,1.59
AR,80,10,1.59
AR,80,11,2.15
AR,80,12,2.15
AR,80,13,2.15
AR,80,14,2.15
AR,80,15,2.15
AR,80,16,2.71
AR,80,17,2.71
AR,80,18,2.71
AR,80,19,2.71
AR,80,20,2.71
AR,80,21,2.9
AR,80,22,2.9
AR,80,23,2.9
AR,80,24,2.9
AR,80,25,2.9
AR,80,26,3.09
AR,80,27,3.09
AR,80,28,3.09
AR,80,29,3.09
AR,80,30,3.09
AR,80,31,3.27
AR,80,32,3.27
AR,80,33,3.27
AR,80,34,3.27
AR,80,35,3.27
AR,80,36,3.27
AR,80,37,3.27
AR,80,38,3.27
AR,80,39,3.27
AR,80,40,3.27
AR,80,41,3.27
AR,80,42,3.27
AR,80,43,3.27
AR,80,44,3.27
AR,80,45,3.27
AR,90,1,0.93
AR,90,2,0.93
AR,90,3,0.93
AR,90,4,1.3
AR,90,5,1.3
AR,90,6,1.3
AR,90,7,1.59
AR,90,8,1.59
AR,90,9,1.59
AR,90,10,1.59
AR,90,11,2.15
AR,90,12,2.15
AR,90,13,2.15
AR,90,14,2.15
AR,90,15,2.15
AR,90,16,2.71
AR,90,17,2.71
AR,90,18,2.71
AR,90,19,2.71
AR,90,20,2.71
AR,90,21,2.9
AR,90,22,2.9
AR,90,23,2.9
AR,90,24,2.9
AR,90,25,2.9
AR,90,26,3.09
AR,90,27,3.09
AR,90,28,3.09
AR,90,29,3.09
AR,90,30,3.09
AR,90,31,3.27
AR,90,32,3.27
AR,90,33,3.27
AR,90,34,3.27
AR,90,35,3.27
AR,90,36,3.27
AR,90,37,3.27
AR,90,38,3.27
AR,90,39,3.27
AR,90,40,3.27
AR,90,41,3.27
AR,90,42,3.27
AR,90,43,3.27
AR,90,44,3.27
AR,90,45,3.27
AR,100,1,0.93
AR,100,2,0.93
AR,100,3,0.93
AR,100,4,1.3
AR,100,5,1.3
AR,100,6,1.3
AR,100,7,1.59
AR,100,8,1.59
AR,100,9,1.59
AR,100,10,1.59
AR,100,11,2.15
AR,100,12,2.15
AR,100,13,2.15
AR,100,14,2.15
AR,100,15,2.15
AR,100,16,2.71
AR,100,17,2.71
AR,100,18,2.71
AR,100,19,2.71
AR,100,20,2.71
AR,100,21,2.9
AR,100,22,2.9
AR,100,23,2.9
AR,100,24,2.9
AR,100,25,2.9
AR,100,26,3.09
AR,100,27,3.09
AR,100,28,3.09
AR,100,29,3.09
AR,100,30,3.09
AR,100,31,3.27
AR,100,32,3.27
AR,100,33,3.27
AR,100,34,3.27
AR,100,35,3.27
AR,100,36,3.27
AR,100,37,3.27
AR,100,38,3.27
AR,100,39,3.27
AR,100,40,3.27
AR,100,41,3.27
AR,100,42,3.27
AR,100,43,3.27
AR,100,44,3.27
AR,100,45,3.27
CL,10,1,3.98
CL,10,2,3.98
CL,10,3,3.98
CL,10,4,4.82
CL,10,5,4.82
CL,10,6,4.82
CL,10,7,5.65
CL,10,8,5.65
CL,10,9,5.65
CL,10,10,5.65
CL,10,11,7.11
CL,10,12,7.11
CL,10,13,7.11
CL,10,14,7.11
CL,10,15,7.11
CL,10,16,7.85
CL,10,17,7.85
CL,10,18,7.85
CL,10,19,7.85
CL,10,20,7.85
CL,10,21,7.95
CL,10,22,7.95
CL,10,23,7.95
CL,10,24,7.95
CL,10,25,7.95
CL,10,26,8.47
CL,10,27,8.47
CL,10,28,8.47
CL,10,29,8.47
CL,10,30,8.47
CL,10,31,9.1
CL,10,32,9.1
CL,10,33,9.1
CL,10,34,9.1
CL,10,35,9.1
CL,10,36,9.1
CL,10,37,9.1
CL,10,38,9.1
CL,10,39,9.1
CL,10,40,9.1
CL,10,41,9.1
CL,10,42,9.1
CL,10,43,9.1
CL,10,44,9.1
CL,10,45,9.1
CL,20,1,2.92
CL,20,2,2.92
CL,20,3,2.92
CL,20,4,3.87
CL,20,5,3.87
CL,20,6,3.87
CL,20,7,4.71
CL,20,8,4.71
CL,20,9,4.71
CL,20,10,4.71
CL,20,11,5.86
CL,20,12,5.86
CL,20,13,5.86
CL,20,14,5.86
CL,20,15,5.86
CL,20,16,6.49
CL,20,17,6.49
CL,20,18,6.49
CL,20,19,6.49
CL,20,20,6.49
CL,20,21,6.59
CL,20,22,6.59
CL,20,23,6.59
CL,20,24,6.59
CL,20,25,6.59
CL,20,26,7.01
CL,20,27,7.01
CL,20,28,7.01
CL,20,29,7.01
CL,20,30,7.01
CL,20,31,7.85
CL,20,32,7.85
CL,20,33,7.85
CL,20,34,7.85
CL,20,35,7.85
CL,20,36,7.85
CL,20,37,7.85
CL,20,38,7.85
CL,20,39,7.85
CL,20,40,7.85
CL,20,41,7.85
CL,20,42,7.85
CL,20,43,7.85
CL,20,44,7.85
CL,20,45,7.85
CL,30,1,2.51
CL,30,2,2.51
CL,30,3,2.51
CL,30,4,3.14
CL,30,5,3.14
CL,30,6,3.14
CL,30,7,4.39
CL,30,8,4.39
CL,30,9,4.39
CL,30,10,4.39
CL,30,11,5.65
CL,30,12,5.65
CL,30,13,5.65
CL,30,14,5.65
CL,30,15,5.65
CL,30,16,6.07
CL,30,17,6.07
CL,30,18,6.07
CL,30,19,6.07
CL,30,20,6.07
CL,30,21,6.17
CL,30,22,6.17
CL,30,23,6.17
CL,30,24,6.17
CL,30,25,6.17
CL,30,26,6.27
CL,30,27,6.27
CL,30,28,6.27
CL,30,29,6.27
CL,30,30,6.27
CL,30,31,7.01
CL,30,32,7.01
CL,30,33,7.01
CL,30,34,7.01
CL,30,35,7.01
CL,30,36,7.01
CL,30,37,7.01
CL,30,38,7.01
CL,30,39,7.01
CL,30,40,7.01
CL,30,41,7.01
CL,30,42,7.01
CL,30,43,7.01
CL,30,44,7.01
CL,30,45,7.01
CL,40,1,2.09
CL,40,2,2.09
CL,40,3,2.09
CL,40,4,2.51
CL,40,5,2.51
CL,40,6,2.51
CL,40,7,3.46
CL,40,8,3.46
CL,40,9,3.46
CL,40,10,3.46
CL,40,11,4.39
CL,40,12,4.39
CL,40,13,4.39
CL,40,14,4.39
CL,40,15,4.39
CL,40,16,4.91
CL,40,17,4.91
CL,40,18,4.91
CL,40,19,4.91
CL,40,20,4.91
CL,40,21,5.02
CL,40,22,5.02
CL,40,23,5.02
CL,40,24,5.02
CL,40,25,5.02
CL,40,26,5.12
CL,40,27,5.12
CL,40,28,5.12
CL,40,29,5.12
CL,40,30,5.12
CL,40,31,5.75
CL,40,32,5.75
CL,40,33,5.75
CL,40,34,5.75
CL,40,35,5.75
CL,40,36,5.75
CL,40,37,5.75
CL,40,38,5.75
CL,40,39,5.75
CL,40,40,5.75
CL,40,41,5.75
CL,40,42,5.75
CL,40,43,5.75
CL,40,44,5.75
CL,40,45,5.75
CL,50,1,2.09
CL,50,2,2.09
CL,50,3,2.09
CL,50,4,2.51
CL,50,5,2.51
CL,50,6,2.51
CL,50,7,3.46
CL,50,8,3.46
CL,50,9,3.46
CL,50,10,3.46
CL,50,11,4.39
CL,50,12,4.39
CL,50,13,4.39
CL,50,14,4.39
CL,50,15,4.39
CL,50,16,4.91
CL,50,17,4.91
CL,50,18,4.91
CL,50,19,4.91
CL,50,20,4.91
CL,50,21,5.02
CL,50,22,5.02
CL,50,23,5.02
CL,50,24,5.02
CL,50,25,5.02
CL,50,26,5.12
CL,50,27,5.12
CL,50,28,5.12
CL,50,29,5.12
CL,50,30,5.12
CL,50,31,5.75
CL,50,32,5.75
CL,50,33,5.75
CL,50,34,5.75
CL,50,35,5.75
CL,50,36,5.75
CL,50,37,5.75
CL,50,38,5.75
CL,50,39,5.75
CL,50,40,5.75
CL,50,41,5.75
CL,50,42,5.75
CL,50,43,5.75
CL,50,44,5.75
CL,50,45,5.75
CL,60,1,1.47
CL,60,2,1.47
CL,60,3,1.47
CL,60,4,2.09
CL,60,5,2.09
CL,60,6,2.09
CL,60,7,2.72
CL,60,8,2.72
CL,60,9,2.72
CL,60,10,2.72
CL,60,11,3.46
CL,60,12,3.46
CL,60,13,3.46
CL,60,14,3.46
CL,60,15,3.46
CL,60,16,3.87
CL,60,17,3.87
CL,60,18,3.87
CL,60,19,3.87
CL,60,20,3.87
CL,60,21,4.08
CL,60,22,4.08
CL,60,23,4.08
CL,60,24,4.08
CL,60,25,4.08
CL,60,26,4.28
CL,60,27,4.28
CL,60,28,4.28
CL,60,29,4.28
CL,60,30,4.28
CL,60,31,4.5
CL,60,32,4.5
CL,60,33,4.5
CL,60,34,4.5
CL,60,35,4.5
CL,60,36,4.5
CL,60,37,4.5
CL,60,38,4.5
CL,60,39,4.5
CL,60,40,4.5
CL,60,41,4.5
CL,60,42,4.5
CL,60,43,4.5
CL,60,44,4.5
CL,60,45,4.5
CL,70,1,1.47
CL,70,2,1.47
CL,70,3,1.47
CL,70,4,2.09
CL,70,5,2.09
CL,70,6,2.09
CL,70,7,2.72
CL,70,8,2.72
CL,70,9,2.72
CL,70,10,2.72
CL,70,11,3.46
CL,70,12,3.46
CL,70,13,3.46
CL,70,14,3.46
CL,70,15,3.46
CL,70,16,3.87
CL,70,17,3.87
CL,70,18,3.87
CL,70,19,3.87
CL,70,20,3.87
CL,70,21,4.08
CL,70,22,4.08
CL,70,23,4.08
CL,70,24,4.08
CL,70,25,4.08
CL,70,26,4.28
CL,70,27,4.28
CL,70,28,4.28
CL,70,29,4.28
CL,70,30,4.28
CL,70,31,4.5
CL,70,32,4.5
CL,70,33,4.5
CL,70,34,4.5
CL,70,35,4.5
CL,70,36,4.5
CL,70,37,4.5
CL,70,38,4.5
CL,70,39,4.5
CL,70,40,4.5
CL,70,41,4.5
CL,70,42,4.5
CL,70,43,4.5
CL,70,44,4.5
CL,70,45,4.5
CL,80,1,1.04
CL,80,2,1.04
CL,80,3,1.04
CL,80,4,1.47
CL,80,5,1.47
CL,80,6,1.47
CL,80,7,1.78
CL,80,8,1.78
CL,80,9,1.78
CL,80,10,1.78
CL,80,11,2.4
CL,80,12,2.4
CL,80,13,2.4
CL,80,14,2.4
CL,80,15,2.4
CL,80,16,3.03
CL,80,17,3.03
CL,80,18,3.03
CL,80,19,3.03
CL,80,20,3.03
CL,80,21,3.24
CL,80,22,3.24
CL,80,23,3.24
CL,80,24,3.24
CL,80,25,3.24
CL,80,26,3.46
CL,80,27,3.46
CL,80,28,3.46
CL,80,29,3.46
CL,80,30,3.46
CL,80,31,3.66
CL,80,32,3.66
CL,80,33,3.66
CL,80,34,3.66
CL,80,35,3.66
CL,80,36,3.66
CL,80,37,3.66
CL,80,38,3.66
CL,80,39,3.66
CL,80,40,3.66
CL,80,41,3.66
CL,80,42,3.66
CL,80,43,3.66
CL,80,44,3.66
CL,80,45,3.66
CL,90,1,1.04
CL,90,2,1.04
CL,90,3,1.04
CL,90,4,1.47
CL,90,5,1.47
CL,90,6,1.47
CL,90,7,1.78
CL,90,8,1.78
CL,90,9,1.78
CL,90,10,1.78
CL,90,11,2.4
CL,90,12,2.4
CL,90,13,2.4
CL,90,14,2.4
CL,90,15,2.4
CL,90,16,3.03
CL,90,17,3.03
CL,90,18,3.03
CL,90,19,3.03
CL,90,20,3.03
CL,90,21,3.24
CL,90,22,3.24
CL,90,23,3.24
CL,90,24,3.24
CL,90,25,3.24
CL,90,26,3.46
CL,90,27,3.46
CL,90,28,3.46
CL,90,29,3.46
CL,90,30,3.46
CL,90,31,3.66
CL,90,32,3.66
CL,90,33,3.66
CL,90,34,3.66
CL,90,35,3.66
CL,90,36,3.66
CL,90,37,3.66
CL,90,38,3.66
CL,90,39,3.66
CL,90,40,3.66
CL,90,41,3.66
CL,90,42,3.66
CL,90,43,3.66
CL,90,44,3.66
CL,90,45,3.66
CL,100,1,1.04
CL,100,2,1.04
CL,100,3,1.04
CL,100,4,1.47
CL,100,5,1.47
CL,100,6,1.47
CL,100,7,1.78
CL,100,8,1.78
CL,100,9,1.78
CL,100,10,1.78
CL,100,11,2.4
CL,100,12,2.4
CL,100,13,2.4
CL,100,14,2.4
CL,100,15,2.4
CL,100,16,3.03
CL,100,17,3.03
CL,100,18,3.03
CL,100,19,3.03
CL,100,20,3.03
CL,100,21,3.24
CL,100,22,3.24
CL,100,23,3.24
CL,100,24,3.24
CL,100,25,3.24
CL,100,26,3.46
CL,100,27,3.46
CL,100,28,3.46
CL,100,29,3.46
CL,100,30,3.46
CL,100,31,3.66
CL,100,32,3.66
CL,100,33,3.66
CL,100,34,3.66
CL,100,35,3.66
CL,100,36,3.66
CL,100,37,3.66
CL,100,38,3.66
CL,100,39,3.66
CL,100,40,3.66
CL,100,41,3.66
CL,100,42,3.66
CL,100,43,3.66
CL,100,44,3.66
CL,100,45,3.66
CO,10,1,3.7
CO,10,2,3.7
CO,10,3,3.7
CO,10,4,4.47
CO,10,5,4.47
CO,10,6,4.47
CO,10,7,5.25
CO,10,8,5.25
CO,10,9,5.25
CO,10,10,5.25
CO,10,11,6.61
CO,10,12,6.61
CO,10,13,6.61
CO,10,14,6.61
CO,10,15,6.61
CO,10,16,7.29
CO,10,17,7.29
CO,10,18,7.29
CO,10,19,7.29
CO,10,20,7.29
CO,10,21,7.39
CO,10,22,7.39
CO,10,23,7.39
CO,10,24,7.39
CO,10,25,7.39
CO,10,26,7.87
CO,10,27,7.87
CO,10,28,7.87
CO,10,29,7.87
CO,10,30,7.87
CO,10,31,8.46
CO,10,32,8.46
CO,10,33,8.46
CO,10,34,8.46
CO,10,35,8.46
CO,10,36,8.46
CO,10,37,8.46
CO,10,38,8.46
CO,10,39,8.46
CO,10,40,8.46
CO,10,41,8.46
CO,10,42,8.46
CO,10,43,8.46
CO,10,44,8.46
CO,10,45,8.46
CO,20,1,2.72
CO,20,2,2.72
CO,20,3,2.72
CO,20,4,3.6
CO,20,5,3.6
CO,20,6,3.6
CO,20,7,4.37
CO,20,8,4.37
CO,20,9,4.37
CO,20,10,4.37
CO,20,11,5.45
CO,20,12,5.45
CO,20,13,5.45
CO,20,14,5.45
CO,20,15,5.45
CO,20,16,6.02
CO,20,17,6.02
CO,20,18,6.02
CO,20,19,6.02
CO,20,20,6.02
CO,20,21,6.12
CO,20,22,6.12
CO,20,23,6.12
CO,20,24,6.12
CO,20,25,6.12
CO,20,26,6.51
CO,20,27,6.51
CO,20,28,6.51
CO,20,29,6.51
CO,20,30,6.51
CO,20,31,7.29
CO,20,32,7.29
CO,20,33,7.29
CO,20,34,7.29
CO,20,35,7.29
CO,20,36,7.29
CO,20,37,7.29
CO,20,38,7.29
CO,20,39,7.29
CO,20,40,7.29
CO,20,41,7.29
CO,20,42,7.29
CO,20,43,7.29
CO,20,44,7.29
CO,20,45,7.29
CO,30,1,2.34
CO,30,2,2.34
CO,30,3,2.34
CO,30,4,2.91
CO,30,5,2.91
CO,30,6,2.91
CO,30,7,4.09
CO,30,8,4.09
CO,30,9,4.09
CO,30,10,4.09
CO,30,11,5.25
CO,30,12,5.25
CO,30,13,5.25
CO,30,14,5.25
CO,30,15,5.25
CO,30,16,5.64
CO,30,17,5.64
CO,30,18,5.64
CO,30,19,5.64
CO,30,20,5.64
CO,30,21,5.74
CO,30,22,5.74
CO,30,23,5.74
CO,30,24,5.74
CO,30,25,5.74
CO,30,26,5.84
CO,30,27,5.84
CO,30,28,5.84
CO,30,29,5.84
CO,30,30,5.84
CO,30,31,6.51
CO,30,32,6.51
CO,30,33,6.51
CO,30,34,6.51
CO,30,35,6.51
CO,30,36,6.51
CO,30,37,6.51
CO,30,38,6.51
CO,30,39,6.51
CO,30,40,6.51
CO,30,41,6.51
CO,30,42,6.51
CO,30,43,6.51
CO,30,44,6.51
CO,30,45,6.51
CO,40,1,1.95
CO,40,2,1.95
CO,40,3,1.95
CO,40,4,2.34
CO,40,5,2.34
CO,40,6,2.34
CO,40,7,3.21
CO,40,8,3.21
CO,40,9,3.21
CO,40,10,3.21
CO,40,11,4.09
CO,40,12,4.09
CO,40,13,4.09
CO,40,14,4.09
CO,40,15,4.09
CO,40,16,4.57
CO,40,17,4.57
CO,40,18,4.57
CO,40,19,4.57
CO,40,20,4.57
CO,40,21,4.66
CO,40,22,4.66
CO,40,23,4.66
CO,40,24,4.66
CO,40,25,4.66
CO,40,26,4.76
CO,40,27,4.76
CO,40,28,4.76
CO,40,29,4.76
CO,40,30,4.76
CO,40,31,5.35
CO,40,32,5.35
CO,40,33,5.35
CO,40,34,5.35
CO,40,35,5.35
CO,40,36,5.35
CO,40,37,5.35
CO,40,38,5.35
CO,40,39,5.35
CO,40,40,5.35
CO,40,41,5.35
CO,40,42,5.35
CO,40,43,5.35
CO,40,44,5.35
CO,40,45,5.35
CO,50,1,1.95
CO,50,2,1.95
CO,50,3,1.95
CO,50,4,2.34
CO,50,5,2.34
CO,50,6,2.34
CO,50,7,3.21
CO,50,8,3.21
CO,50,9,3.21
CO,50,10,3.21
CO,50,11,4.09
CO,50,12,4.09
CO,50,13,4.09
CO,50,14,4.09
CO,50,15,4.09
CO,50,16,4.57
CO,50,17,4.57
CO,50,18,4.57
CO,50,19,4.57
CO,50,20,4.57
CO,50,21,4.66
CO,50,22,4.66
CO,50,23,4.66
CO,50,24,4.66
CO,50,25,4.66
CO,50,26,4.76
CO,50,27,4.76
CO,50,28,4.76
CO,50,29,4.76
CO,50,30,4.76
CO,50,31,5.35
CO,50,32,5.35
CO,50,33,5.35
CO,50,34,5.35
CO,50,35,5.35
CO,50,36,5.35
CO,50,37,5.35
CO,50,38,5.35
CO,50,39,5.35
CO,50,40,5.35
CO,50,41,5.35
CO,50,42,5.35
CO,50,43,5.35
CO,50,44,5.35
CO,50,45,5.35
CO,60,1,1.36
CO,60,2,1.36
CO,60,3,1.36
CO,60,4,1.95
CO,60,5,1.95
CO,60,6,1.95
CO,60,7,2.52
CO,60,8,2.52
CO,60,9,2.52
CO,60,10,2.52
CO,60,11,3.21
CO,60,12,3.21
CO,60,13,3.21
CO,60,14,3.21
CO,60,15,3.21
CO,60,16,3.6
CO,60,17,3.6
CO,60,18,3.6
CO,60,19,3.6
CO,60,20,3.6
CO,60,21,3.79
CO,60,22,3.79
CO,60,23,3.79
CO,60,24,3.79
CO,60,25,3.79
CO,60,26,3.99
CO,60,27,3.99
CO,60,28,3.99
CO,60,29,3.99
CO,60,30,3.99
CO,60,31,4.18
CO,60,32,4.18
CO,60,33,4.18
CO,60,34,4.18
CO,60,35,4.18
CO,60,36,4.18
CO,60,37,4.18
CO,60,38,4.18
CO,60,39,4.18
CO,60,40,4.18
CO,60,41,4.18
CO,60,42,4.18
CO,60,43,4.18
CO,60,44,4.18
CO,60,45,4.18
CO,70,1,1.36
CO,70,2,1.36
CO,70,3,1.36
CO,70,4,1.95
CO,70,5,1.95
CO,70,6,1.95
CO,70,7,2.52
CO,70,8,2.52
CO,70,9,2.52
CO,70,10,2.52
CO,70,11,3.21
CO,70,12,3.21
CO,70,13,3.21
CO,70,14,3.21
CO,70,15,3.21
CO,70,16,3.6
CO,70,17,3.6
CO,70,18,3.6
CO,70,19,3.6
CO,70,20,3.6
CO,70,21,3.79
CO,70,22,3.79
CO,70,23,3.79
CO,70,24,3.79
CO,70,25,3.79
CO,70,26,3.99
CO,70,27,3.99
CO,70,28,3.99
CO,70,29,3.99
CO,70,30,3.99
CO,70,31,4.18
CO,70,32,4.18
CO,70,33,4.18
CO,70,34,4.18
CO,70,35,4.18
CO,70,36,4.18
CO,70,37,4.18
CO,70,38,4.18
CO,70,39,4.18
CO,70,40,4.18
CO,70,41,4.18
CO,70,42,4.18
CO,70,43,4.18
CO,70,44,4.18
CO,70,45,4.18
CO,80,1,0.97
CO,80,2,0.97
CO,80,3,0.97
CO,80,4,1.36
CO,80,5,1.36
CO,80,6,1.36
CO,80,7,1.65
CO,80,8,1.65
CO,80,9,1.65
CO,80,10,1.65
CO,80,11,2.24
CO,80,12,2.24
CO,80,13,2.24
CO,80,14,2.24
CO,80,15,2.24
CO,80,16,2.82
CO,80,17,2.82
CO,80,18,2.82
CO,80,19,2.82
CO,80,20,2.82
CO,80,21,3.01
CO,80,22,3.01
CO,80,23,3.01
CO,80,24,3.01
CO,80,25,3.01
CO,80,26,3.21
CO,80,27,3.21
CO,80,28,3.21
CO,80,29,3.21
CO,80,30,3.21
CO,80,31,3.4
CO,80,32,3.4
CO,80,33,3.4
CO,80,34,3.4
CO,80,35,3.4
CO,80,36,3.4
CO,80,37,3.4
CO,80,38,3.4
CO,80,39,3.4
CO,80,40,3.4
CO,80,41,3.4
CO,80,42,3.4
CO,80,43,3.4
CO,80,44,3.4
CO,80,45,3.4
CO,90,1,0.97
CO,90,2,0.97
CO,90,3,0.97
CO,90,4,1.36
CO,90,5,1.36
CO,90,6,1.36
CO,90,7,1.65
CO,90,8,1.65
CO,90,9,1.65
CO,90,10,1.65
CO,90,11,2.24
CO,90,12,2.24
CO,90,13,2.24
CO,90,14,2.24
CO,90,15,2.24
CO,90,16,2.82
CO,90,17,2.82
CO,90,18,2.82
CO,90,19,2.82
CO,90,20,2.82
CO,90,21,3.01
CO,90,22,3.01
CO,90,23,3.01
CO,90,24,3.01
CO,90,25,3.01
CO,90,26,3.21
CO,90,27,3.21
CO,90,28,3.21
CO,90,29,3.21
CO,90,30,3.21
CO,90,31,3.4
CO,90,32,3.4
CO,90,33,3.4
CO,90,34,3.4
CO,90,35,3.4
CO,90,36,3.4
CO,90,37,3.4
CO,90,38,3.4
CO,90,39,3.4
CO,90,40,3.4
CO,90,41,3.4
CO,90,42,3.4
CO,90,43,3.4
CO,90,44,3.4
CO,90,45,3.4
CO,100,1,0.97
CO,100,2,0.97
CO,100,3,0.97
CO,100,4,1.36
CO,100,5,1.36
CO,100,6,1.36
CO,100,7,1.65
CO,100,8,1.65
CO,100,9,1.65
CO,100,10,1.65
CO,100,11,2.24
CO,100,12,2.24
CO,100,13,2.24
CO,100,14,2.24
CO,100,15,2.24
CO,100,16,2.82
CO,100,17,2.82
CO,100,18,2.82
CO,100,19,2.82
CO,100,20,2.82
CO,100,21,3.01
CO,100,22,3.01
CO,100,23,3.01
CO,100,24,3.01
CO,100,25,3.01
CO,100,26,3.21
CO,100,27,3.21
CO,100,28,3.21
CO,100,29,3.21
CO,100,30,3.21
CO,100,31,3.4
CO,100,32,3.4
CO,100,33,3.4
CO,100,34,3.4
CO,100,35,3.4
CO,100,36,3.4
CO,100,37,3.4
CO,100,38,3.4
CO,100,39,3.4
CO,100,40,3.4
CO,100,41,3.4
CO,100,42,3.4
CO,100,43,3.4
CO,100,44,3.4
CO,100,45,3.4
PE,10,1,3.6
PE,10,2,3.6
PE,10,3,3.6
PE,10,4,4.36
PE,10,5,4.36
PE,10,6,4.36
PE,10,7,5.12
PE,10,8,5.12
PE,10,9,5.12
PE,10,10,5.12
PE,10,11,6.45
PE,10,12,6.45
PE,10,13,6.45
PE,10,14,6.45
PE,10,15,6.45
PE,10,16,7.11
PE,10,17,7.11
PE,10,18,7.11
PE,10,19,7.11
PE,10,20,7.11
PE,10,21,7.2
PE,10,22,7.2
PE,10,23,7.2
PE,10,24,7.2
PE,10,25,7.2
PE,10,26,7.67
PE,10,27,7.67
PE,10,28,7.67
PE,10,29,7.67
PE,10,30,7.67
PE,10,31,8.24
PE,10,32,8.24
PE,10,33,8.24
PE,10,34,8.24
PE,10,35,8.24
PE,10,36,8.24
PE,10,37,8.24
PE,10,38,8.24
PE,10,39,8.24
PE,10,40,8.24
PE,10,41,8.24
PE,10,42,8.24
PE,10,43,8.24
PE,10,44,8.24
PE,10,45,8.24
PE,20,1,2.65
PE,20,2,2.65
PE,20,3,2.65
PE,20,4,3.5
PE,20,5,3.5
PE,20,6,3.5
PE,20,7,4.26
PE,20,8,4.26
PE,20,9,4.26
PE,20,10,4.26
PE,20,11,5.3
PE,20,12,5.3
PE,20,13,5.3
PE,20,14,5.3
PE,20,15,5.3
PE,20,16,5.87
PE,20,17,5.87
PE,20,18,5.87
PE,20,19,5.87
PE,20,20,5.87
PE,20,21,5.97
PE,20,22,5.97
PE,20,23,5.97
PE,20,24,5.97
PE,20,25,5.97
PE,20,26,6.35
PE,20,27,6.35
PE,20,28,6.35
PE,20,29,6.35
PE,20,30,6.35
PE,20,31,7.11
PE,20,32,7.11
PE,20,33,7.11
PE,20,34,7.11
PE,20,35,7.11
PE,20,36,7.11
PE,20,37,7.11
PE,20,38,7.11
PE,20,39,7.11
PE,20,40,7.11
PE,20,41,7.11
PE,20,42,7.11
PE,20,43,7.11
PE,20,44,7.11
PE,20,45,7.11
PE,30,1,2.27
PE,30,2,2.27
PE,30,3,2.27
PE,30,4,2.84
PE,30,5,2.84
PE,30,6,2.84
PE,30,7,3.98
PE,30,8,3.98
PE,30,9,3.98
PE,30,10,3.98
PE,30,11,5.12
PE,30,12,5.12
PE,30,13,5.12
PE,30,14,5.12
PE,30,15,5.12
PE,30,16,5.5
PE,30,17,5.5
PE,30,18,5.5
PE,30,19,5.5
PE,30,20,5.5
PE,30,21,5.59
PE,30,22,5.59
PE,30,23,5.59
PE,30,24,5.59
PE,30,25,5.59
PE,30,26,5.68
PE,30,27,5.68
PE,30,28,5.68
PE,30,29,5.68
PE,30,30,5.68
PE,30,31,6.35
PE,30,32,6.35
PE,30,33,6.35
PE,30,34,6.35
PE,30,35,6.35
PE,30,36,6.35
PE,30,37,6.35
PE,30,38,6.35
PE,30,39,6.35
PE,30,40,6.35
PE,30,41,6.35
PE,30,42,6.35
PE,30,43,6.35
PE,30,44,6.35
PE,30,45,6.35
PE,40,1,1.89
PE,40,2,1.89
PE,40,3,1.89
PE,40,4,2.27
PE,40,5,2.27
PE,40,6,2.27
PE,40,7,3.13
PE,40,8,3.13
PE,40,9,3.13
PE,40,10,3.13
PE,40,11,3.98
PE,40,12,3.98
PE,40,13,3.98
PE,40,14,3.98
PE,40,15,3.98
PE,40,16,4.46
PE,40,17,4.46
PE,40,18,4.46
PE,40,19,4.46
PE,40,20,4.46
PE,40,21,4.54
PE,40,22,4.54
PE,40,23,4.54
PE,40,24,4.54
PE,40,25,4.54
PE,40,26,4.64
PE,40,27,4.64
PE,40,28,4.64
PE,40,29,4.64
PE,40,30,4.64
PE,40,31,5.21
PE,40,32,5.21
PE,40,33,5.21
PE,40,34,5.21
PE,40,35,5.21
PE,40,36,5.21
PE,40,37,5.21
PE,40,38,5.21
PE,40,39,5.21
PE,40,40,5.21
PE,40,41,5.21
PE,40,42,5.21
PE,40,43,5.21
PE,40,44,5.21
PE,40,45,5.21
PE,50,1,1.89
PE,50,2,1.89
PE,50,3,1.89
PE,50,4,2.27
PE,50,5,2.27
PE,50,6,2.27
PE,50,7,3.13
PE,50,8,3.13
PE,50,9,3.13
PE,50,10,3.13
PE,50,11,3.98
PE,50,12,3.98
PE,50,13,3.98
PE,50,14,3.98
PE,50,15,3.98
PE,50,16,4.46
PE,50,17,4.46
PE,50,18,4.46
PE,50,19,4.46
PE,50,20,4.46
PE,50,21,4.54
PE,50,22,4.54
PE,50,23,4.54
PE,50,24,4.54
PE,50,25,4.54
PE,50,26,4.64
PE,50,27,4.64
PE,50,28,4.64
PE,50,29,4.64
PE,50,30,4.64
PE,50,31,5.21
PE,50,32,5.21
PE,50,33,5.21
PE,50,34,5.21
PE,50,35,5.21
PE,50,36,5.21
PE,50,37,5.21
PE,50,38,5.21
PE,50,39,5.21
PE,50,40,5.21
PE,50,41,5.21
PE,50,42,5.21
PE,50,43,5.21
PE,50,44,5.21
PE,50,45,5.21
PE,60,1,1.33
PE,60,2,1.33
PE,60,3,1.33
PE,60,4,1.89
PE,60,5,1.89
PE,60,6,1.89
PE,60,7,2.47
PE,60,8,2.47
PE,60,9,2.47
PE,60,10,2.47
PE,60,11,3.13
PE,60,12,3.13
PE,60,13,3.13
PE,60,14,3.13
PE,60,15,3.13
PE,60,16,3.5
PE,60,17,3.5
PE,60,18,3.5
PE,60,19,3.5
PE,60,20,3.5
PE,60,21,3.7
PE,60,22,3.7
PE,60,23,3.7
PE,60,24,3.7
PE,60,25,3.7
PE,60,26,3.88
PE,60,27,3.88
PE,60,28,3.88
PE,60,29,3.88
PE,60,30,3.88
PE,60,32,4.08
PE,60,33,4.08
PE,60,34,4.08
PE,60,35,4.08
PE,60,36,4.08
PE,60,37,4.08
PE,60,38,4.08
PE,60,39,4.08
PE,60,40,4.08
PE,60,41,4.08
PE,60,42,4.08
PE,60,43,4.08
PE,60,44,4.08
PE,60,45,4.08
PE,70,1,1.33
PE,70,2,1.33
PE,70,3,1.33
PE,70,4,1.89
PE,70,5,1.89
PE,70,6,1.89
PE,70,7,2.47
PE,70,8,2.47
PE,70,9,2.47
PE,70,10,2.47
PE,70,11,3.13
PE,70,12,3.13
PE,70,13,3.13
PE,70,14,3.13
PE,70,15,3.13
PE,70,16,3.5
PE,70,17,3.5
PE,70,18,3.5
PE,70,19,3.5
PE,70,20,3.5
PE,70,21,3.7
PE,70,22,3.7
PE,70,23,3.7
PE,70,24,3.7
PE,70,25,3.7
PE,70,26,3.88
PE,70,27,3.88
PE,70,28,3.88
PE,70,29,3.88
PE,70,30,3.88
PE,70,31,4.08
PE,70,32,4.08
PE,70,33,4.08
PE,70,34,4.08
PE,70,35,4.08
PE,70,36,4.08
PE,70,37,4.08
PE,70,38,4.08
PE,70,39,4.08
PE,70,40,4.08
PE,70,41,4.08
PE,70,42,4.08
PE,70,43,4.08
PE,70,44,4.08
PE,70,45,4.08
PE,80,1,0.95
PE,80,2,0.95
PE,80,3,0.95
PE,80,4,1.33
PE,80,5,1.33
PE,80,6,1.33
PE,80,7,1.61
PE,80,8,1.61
PE,80,9,1.61
PE,80,10,1.61
PE,80,11,2.17
PE,80,12,2.17
PE,80,13,2.17
PE,80,14,2.17
PE,80,15,2.17
PE,80,16,2.75
PE,80,17,2.75
PE,80,18,2.75
PE,80,19,2.75
PE,80,20,2.75
PE,80,21,2.93
PE,80,22,2.93
PE,80,23,2.93
PE,80,24,2.93
PE,80,25,2.93
PE,80,26,3.13
PE,80,27,3.13
PE,80,28,3.13
PE,80,29,3.13
PE,80,30,3.13
PE,80,31,3.32
PE,80,32,3.32
PE,80,33,3.32
PE,80,34,3.32
PE,80,35,3.32
PE,80,36,3.32
PE,80,37,3.32
PE,80,38,3.32
PE,80,39,3.32
PE,80,40,3.32
PE,80,41,3.32
PE,80,42,3.32
PE,80,43,3.32
PE,80,44,3.32
PE,80,45,3.32
PE,90,1,0.95
PE,90,2,0.95
PE,90,3,0.95
PE,90,4,1.33
PE,90,5,1.33
PE,90,6,1.33
PE,90,7,1.61
PE,90,8,1.61
PE,90,9,1.61
PE,90,10,1.61
PE,90,11,2.17
PE,90,12,2.17
PE,90,13,2.17
PE,90,14,2.17
PE,90,15,2.17
PE,90,16,2.75
PE,90,17,2.75
PE,90,18,2.75
PE,90,19,2.75
PE,90,20,2.75
PE,90,21,2.93
PE,90,22,2.93
PE,90,23,2.93
PE,90,24,2.93
PE,90,25,2.93
PE,90,26,3.13
PE,90,27,3.13
PE,90,28,3.13
PE,90,29,3.13
PE,90,30,3.13
PE,90,31,3.32
PE,90,32,3.32
PE,90,33,3.32
PE,90,34,3.32
PE,90,35,3.32
PE,90,36,3.32
PE,90,37,3.32
PE,90,38,3.32
PE,90,39,3.32
PE,90,40,3.32
PE,90,41,3.32
PE,90,42,3.32
PE,90,43,3.32
PE,90,44,3.32
PE,90,45,3.32
PE,100,1,0.95
PE,100,2,0.95
PE,100,3,0.95
PE,100,4,1.33
PE,100,5,1.33
PE,100,6,1.33
PE,100,7,1.61
PE,100,8,1.61
PE,100,9,1.61
PE,100,10,1.61
PE,100,11,2.17
PE,100,12,2.17
PE,100,13,2.17
PE,100,14,2.17
PE,100,15,2.17
PE,100,16,2.75
PE,100,17,2.75
PE,100,18,2.75
PE,100,19,2.75
PE,100,20,2.75
PE,100,21,2.93
PE,100,22,2.93
PE,100,23,2.93
PE,100,24,2.93
PE,100,25,2.93
PE,100,26,3.13
PE,100,27,3.13
PE,100,28,3.13
PE,100,29,3.13
PE,100,30,3.13
PE,100,31,3.32
PE,100,32,3.32
PE,100,33,3.32
PE,100,34,3.32
PE,100,35,3.32
PE,100,36,3.32
PE,100,37,3.32
PE,100,38,3.32
PE,100,39,3.32
PE,100,40,3.32
PE,100,41,3.32
PE,100,42,3.32
PE,100,43,3.32
PE,100,44,3.32
PE,100,45,3.32
AE,10,1,8.92
AE,10,2,8.92
AE,10,3,8.92
AE,10,4,10.79
AE,10,5,10.79
AE,10,6,10.79
AE,10,7,12.67
AE,10,8,12.67
AE,10,9,12.67
AE,10,10,12.67
AE,10,11,15.97
AE,10,12,15.97
AE,10,13,15.97
AE,10,14,15.97
AE,10,15,15.97
AE,10,16,17.61
AE,10,17,17.61
AE,10,18,17.61
AE,10,19,17.61
AE,10,20,17.61
AE,10,21,17.84
AE,10,22,17.84
AE,10,23,17.84
AE,10,24,17.84
AE,10,25,17.84
AE,10,26,19.01
AE,10,27,19.01
AE,10,28,19.01
AE,10,29,19.01
AE,10,30,19.01
AE,10,31,20.42
AE,10,32,20.42
AE,10,33,20.42
AE,10,34,20.42
AE,10,35,20.42
AE,10,36,20.42
AE,10,37,20.42
AE,10,38,20.42
AE,10,39,20.42
AE,10,40,20.42
AE,10,41,20.42
AE,10,42,20.42
AE,10,43,20.42
AE,10,44,20.42
AE,10,45,20.42
AE,20,1,6.58
AE,20,2,6.58
AE,20,3,6.58
AE,20,4,8.68
AE,20,5,8.68
AE,20,6,8.68
AE,20,7,10.57
AE,20,8,10.57
AE,20,9,10.57
AE,20,10,10.57
AE,20,11,13.14
AE,20,12,13.14
AE,20,13,13.14
AE,20,14,13.14
AE,20,15,13.14
AE,20,16,14.55
AE,20,17,14.55
AE,20,18,14.55
AE,20,19,14.55
AE,20,20,14.55
AE,20,21,14.79
AE,20,22,14.79
AE,20,23,14.79
AE,20,24,14.79
AE,20,25,14.79
AE,20,26,15.73
AE,20,27,15.73
AE,20,28,15.73
AE,20,29,15.73
AE,20,30,15.73
AE,20,31,17.61
AE,20,32,17.61
AE,20,33,17.61
AE,20,34,17.61
AE,20,35,17.61
AE,20,36,17.61
AE,20,37,17.61
AE,20,38,17.61
AE,20,39,17.61
AE,20,40,17.61
AE,20,41,17.61
AE,20,42,17.61
AE,20,43,17.61
AE,20,44,17.61
AE,20,45,17.61
AE,30,1,5.63
AE,30,2,5.63
AE,30,3,5.63
AE,30,4,7.04
AE,30,5,7.04
AE,30,6,7.04
AE,30,7,9.86
AE,30,8,9.86
AE,30,9,9.86
AE,30,10,9.86
AE,30,11,12.67
AE,30,12,12.67
AE,30,13,12.67
AE,30,14,12.67
AE,30,15,12.67
AE,30,16,13.62
AE,30,17,13.62
AE,30,18,13.62
AE,30,19,13.62
AE,30,20,13.62
AE,30,21,13.85
AE,30,22,13.85
AE,30,23,13.85
AE,30,24,13.85
AE,30,25,13.85
AE,30,26,14.09
AE,30,27,14.09
AE,30,28,14.09
AE,30,29,14.09
AE,30,30,14.09
AE,30,31,15.73
AE,30,32,15.73
AE,30,33,15.73
AE,30,34,15.73
AE,30,35,15.73
AE,30,36,15.73
AE,30,37,15.73
AE,30,38,15.73
AE,30,39,15.73
AE,30,40,15.73
AE,30,41,15.73
AE,30,42,15.73
AE,30,43,15.73
AE,30,44,15.73
AE,30,45,15.73
AE,40,1,4.7
AE,40,2,4.7
AE,40,3,4.7
AE,40,4,5.63
AE,40,5,5.63
AE,40,6,5.63
AE,40,7,7.75
AE,40,8,7.75
AE,40,9,7.75
AE,40,10,7.75
AE,40,11,9.86
AE,40,12,9.86
AE,40,13,9.86
AE,40,14,9.86
AE,40,15,9.86
AE,40,16,11.03
AE,40,17,11.03
AE,40,18,11.03
AE,40,19,11.03
AE,40,20,11.03
AE,40,21,11.27
AE,40,22,11.27
AE,40,23,11.27
AE,40,24,11.27
AE,40,25,11.27
AE,40,26,11.5
AE,40,27,11.5
AE,40,28,11.5
AE,40,29,11.5
AE,40,30,11.5
AE,40,31,12.91
AE,40,32,12.91
AE,40,33,12.91
AE,40,34,12.91
AE,40,35,12.91
AE,40,36,12.91
AE,40,37,12.91
AE,40,38,12.91
AE,40,39,12.91
AE,40,40,12.91
AE,40,41,12.91
AE,40,42,12.91
AE,40,43,12.91
AE,40,44,12.91
AE,40,45,12.91
AE,50,1,4.7
AE,50,2,4.7
AE,50,3,4.7
AE,50,4,5.63
AE,50,5,5.63
AE,50,6,5.63
AE,50,7,7.75
AE,50,8,7.75
AE,50,9,7.75
AE,50,10,7.75
AE,50,11,9.86
AE,50,12,9.86
AE,50,13,9.86
AE,50,14,9.86
AE,50,15,9.86
AE,50,16,11.03
AE,50,17,11.03
AE,50,18,11.03
AE,50,19,11.03
AE,50,20,11.03
AE,50,21,11.27
AE,50,22,11.27
AE,50,23,11.27
AE,50,24,11.27
AE,50,25,11.27
AE,50,26,11.5
AE,50,27,11.5
AE,50,28,11.5
AE,50,29,11.5
AE,50,30,11.5
AE,50,31,12.91
AE,50,32,12.91
AE,50,33,12.91
AE,50,34,12.91
AE,50,35,12.91
AE,50,37,12.91
AE,50,38,12.91
AE,50,39,12.91
AE,50,40,12.91
AE,50,41,12.91
AE,50,42,12.91
AE,50,43,12.91
AE,50,44,12.91
AE,50,45,12.91
AE,60,1,3.28
AE,60,2,3.28
AE,60,3,3.28
AE,60,4,4.7
AE,60,5,4.7
AE,60,6,4.7
AE,60,7,6.1
AE,60,8,6.1
AE,60,9,6.1
AE,60,10,6.1
AE,60,11,7.75
AE,60,12,7.75
AE,60,13,7.75
AE,60,14,7.75
AE,60,15,7.75
AE,60,16,8.68
AE,60,17,8.68
AE,60,18,8.68
AE,60,19,8.68
AE,60,20,8.68
AE,60,21,9.15
AE,60,22,9.15
AE,60,23,9.15
AE,60,24,9.15
AE,60,25,9.15
AE,60,26,9.62
AE,60,27,9.62
AE,60,28,9.62
AE,60,29,9.62
AE,60,30,9.62
AE,60,31,10.1
AE,60,32,10.1
AE,60,33,10.1
AE,60,34,10.1
AE,60,35,10.1
AE,60,36,10.1
AE,60,37,10.1
AE,60,38,10.1
AE,60,39,10.1
AE,60,40,10.1
AE,60,41,10.1
AE,60,42,10.1
AE,60,43,10.1
AE,60,44,10.1
AE,60,45,10.1
AE,70,1,3.28
AE,70,2,3.28
AE,70,3,3.28
AE,70,4,4.7
AE,70,5,4.7
AE,70,6,4.7
AE,70,7,6.1
AE,70,8,6.1
AE,70,9,6.1
AE,70,10,6.1
AE,70,11,7.75
AE,70,12,7.75
AE,70,13,7.75
AE,70,14,7.75
AE,70,15,7.75
AE,70,16,8.68
AE,70,17,8.68
AE,70,18,8.68
AE,70,19,8.68
AE,70,20,8.68
AE,70,21,9.15
AE,70,22,9.15
AE,70,23,9.15
AE,70,24,9.15
AE,70,25,9.15
AE,70,26,9.62
AE,70,27,9.62
AE,70,28,9.62
AE,70,29,9.62
AE,70,30,9.62
AE,70,31,10.1
AE,70,32,10.1
AE,70,33,10.1
AE,70,34,10.1
AE,70,35,10.1
AE,70,36,10.1
AE,70,37,10.1
AE,70,38,10.1
AE,70,39,10.1
AE,70,40,10.1
AE,70,41,10.1
AE,70,42,10.1
AE,70,43,10.1
AE,70,44,10.1
AE,70,45,10.1
AE,80,1,2.35
AE,80,2,2.35
AE,80,3,2.35
AE,80,4,3.28
AE,80,5,3.28
AE,80,6,3.28
AE,80,7,3.99
AE,80,8,3.99
AE,80,9,3.99
AE,80,10,3.99
AE,80,11,5.4
AE,80,12,5.4
AE,80,13,5.4
AE,80,14,5.4
AE,80,15,5.4
AE,80,16,6.8
AE,80,17,6.8
AE,80,18,6.8
AE,80,19,6.8
AE,80,20,6.8
AE,80,21,7.27
AE,80,22,7.27
AE,80,23,7.27
AE,80,24,7.27
AE,80,25,7.27
AE,80,26,7.75
AE,80,27,7.75
AE,80,28,7.75
AE,80,29,7.75
AE,80,30,7.75
AE,80,31,8.22
AE,80,32,8.22
AE,80,33,8.22
AE,80,34,8.22
PE,60,31,4.08
AE,50,36,12.91
AE,80,35,8.22
AE,80,36,8.22
AE,80,37,8.22
AE,80,38,8.22
AE,80,39,8.22
AE,80,40,8.22
AE,80,41,8.22
AE,80,42,8.22
AE,80,43,8.22
AE,80,44,8.22
AE,80,45,8.22
AE,90,1,2.35
AE,90,2,2.35
AE,90,3,2.35
AE,90,4,3.28
AE,90,5,3.28
AE,90,6,3.28
AE,90,7,3.99
AE,90,8,3.99
AE,90,9,3.99
AE,90,10,3.99
AE,90,11,5.4
AE,90,12,5.4
AE,90,13,5.4
AE,90,14,5.4
AE,90,15,5.4
AE,90,16,6.8
AE,90,17,6.8
AE,90,18,6.8
AE,90,19,6.8
AE,90,20,6.8
AE,90,21,7.27
AE,90,22,7.27
AE,90,23,7.27
AE,90,24,7.27
AE,90,25,7.27
AE,90,26,7.75
AE,90,27,7.75
AE,90,28,7.75
AE,90,29,7.75
AE,90,30,7.75
AE,90,31,8.22
AE,90,32,8.22
AE,90,33,8.22
AE,90,34,8.22
AE,90,35,8.22
AE,90,36,8.22
AE,90,37,8.22
AE,90,38,8.22
AE,90,39,8.22
AE,90,40,8.22
AE,90,41,8.22
AE,90,42,8.22
AE,90,43,8.22
AE,90,44,8.22
AE,90,45,8.22
AE,100,1,2.35
AE,100,2,2.35
AE,100,3,2.35
AE,100,4,3.28
AE,100,5,3.28
AE,100,6,3.28
AE,100,7,3.99
AE,100,8,3.99
AE,100,9,3.99
AE,100,10,3.99
AE,100,11,5.4
AE,100,12,5.4
AE,100,13,5.4
AE,100,14,5.4
AE,100,15,5.4
AE,100,16,6.8
AE,100,17,6.8
AE,100,18,6.8
AE,100,19,6.8
AE,100,20,6.8
AE,100,21,7.27
AE,100,22,7.27
AE,100,23,7.27
AE,100,24,7.27
AE,100,25,7.27
AE,100,26,7.75
AE,100,27,7.75
AE,100,28,7.75
AE,100,29,7.75
AE,100,30,7.75
AE,100,31,8.22
AE,100,32,8.22
AE,100,33,8.22
AE,100,34,8.22
AE,100,35,8.22
AE,100,36,8.22
AE,100,37,8.22
AE,100,38,8.22
AE,100,39,8.22
AE,100,40,8.22
AE,100,41,8.22
AE,100,42,8.22
AE,100,43,8.22
AE,100,44,8.22
AE,100,45,8.22
SA,10,1,8.41
SA,10,2,8.41
SA,10,3,8.41
SA,10,4,10.18
SA,10,5,10.18
SA,10,6,10.18
SA,10,7,11.95
SA,10,8,11.95
SA,10,9,11.95
SA,10,10,11.95
SA,10,11,15.04
SA,10,12,15.04
SA,10,13,15.04
SA,10,14,15.04
SA,10,15,15.04
SA,10,16,16.6
SA,10,17,16.6
SA,10,18,16.6
SA,10,19,16.6
SA,10,20,16.6
SA,10,21,16.82
SA,10,22,16.82
SA,10,23,16.82
SA,10,24,16.82
SA,10,25,16.82
SA,10,26,17.92
SA,10,27,17.92
SA,10,28,17.92
SA,10,29,17.92
SA,10,30,17.92
SA,10,31,19.25
SA,10,32,19.25
SA,10,33,19.25
SA,10,34,19.25
SA,10,35,19.25
SA,10,36,19.25
SA,10,37,19.25
SA,10,38,19.25
SA,10,39,19.25
SA,10,40,19.25
SA,10,41,19.25
SA,10,42,19.25
SA,10,43,19.25
SA,10,44,19.25
SA,10,45,19.25
SA,20,1,6.2
SA,20,2,6.2
SA,20,3,6.2
SA,20,4,8.18
SA,20,5,8.18
SA,20,6,8.18
SA,20,7,9.96
SA,20,8,9.96
SA,20,9,9.96
SA,20,10,9.96
SA,20,11,12.39
SA,20,12,12.39
SA,20,13,12.39
SA,20,14,12.39
SA,20,15,12.39
SA,20,16,13.72
SA,20,17,13.72
SA,20,18,13.72
SA,20,19,13.72
SA,20,20,13.72
SA,20,21,13.95
SA,20,22,13.95
SA,20,23,13.95
SA,20,24,13.95
SA,20,25,13.95
SA,20,26,14.83
SA,20,27,14.83
SA,20,28,14.83
SA,20,29,14.83
SA,20,30,14.83
SA,20,31,16.6
SA,20,32,16.6
SA,20,33,16.6
SA,20,34,16.6
SA,20,35,16.6
SA,20,36,16.6
SA,20,37,16.6
SA,20,38,16.6
SA,20,39,16.6
SA,20,40,16.6
SA,20,41,16.6
SA,20,42,16.6
SA,20,43,16.6
SA,20,44,16.6
SA,20,45,16.6
SA,30,1,5.32
SA,30,2,5.32
SA,30,3,5.32
SA,30,4,6.64
SA,30,5,6.64
SA,30,6,6.64
SA,30,7,9.29
SA,30,8,9.29
SA,30,9,9.29
SA,30,10,9.29
SA,30,11,11.95
SA,30,12,11.95
SA,30,13,11.95
SA,30,14,11.95
SA,30,15,11.95
SA,30,16,12.84
SA,30,17,12.84
SA,30,18,12.84
SA,30,19,12.84
SA,30,20,12.84
SA,30,21,13.05
SA,30,22,13.05
SA,30,23,13.05
SA,30,24,13.05
SA,30,25,13.05
SA,30,26,13.28
SA,30,27,13.28
SA,30,28,13.28
SA,30,29,13.28
SA,30,30,13.28
SA,30,31,14.83
SA,30,32,14.83
SA,30,33,14.83
SA,30,34,14.83
SA,30,35,14.83
SA,30,36,14.83
SA,30,37,14.83
SA,30,38,14.83
SA,30,39,14.83
SA,30,40,14.83
SA,30,41,14.83
SA,30,42,14.83
SA,30,43,14.83
SA,30,44,14.83
SA,30,45,14.83
SA,40,1,4.42
SA,40,2,4.42
SA,40,3,4.42
SA,40,4,5.32
SA,40,5,5.32
SA,40,6,5.32
SA,40,7,7.3
SA,40,8,7.3
SA,40,9,7.3
SA,40,10,7.3
SA,40,11,9.29
SA,40,12,9.29
SA,40,13,9.29
SA,40,14,9.29
SA,40,15,9.29
SA,40,16,10.4
SA,40,17,10.4
SA,40,18,10.4
SA,40,19,10.4
SA,40,20,10.4
SA,40,21,10.62
SA,40,22,10.62
SA,40,23,10.62
SA,40,24,10.62
SA,40,25,10.62
SA,40,26,10.85
SA,40,27,10.85
SA,40,28,10.85
SA,40,29,10.85
SA,40,30,10.85
SA,40,31,12.17
SA,40,32,12.17
SA,40,33,12.17
SA,40,34,12.17
SA,40,35,12.17
SA,40,36,12.17
SA,40,37,12.17
SA,40,38,12.17
SA,40,39,12.17
SA,40,40,12.17
SA,40,41,12.17
SA,40,42,12.17
SA,40,43,12.17
SA,40,44,12.17
SA,40,45,12.17
SA,50,1,4.42
SA,50,2,4.42
SA,50,3,4.42
SA,50,4,5.32
SA,50,5,5.32
SA,50,6,5.32
SA,50,7,7.3
SA,50,8,7.3
SA,50,9,7.3
SA,50,10,7.3
SA,50,11,9.29
SA,50,12,9.29
SA,50,13,9.29
SA,50,14,9.29
SA,50,15,9.29
SA,50,16,10.4
SA,50,17,10.4
SA,50,18,10.4
SA,50,19,10.4
SA,50,20,10.4
SA,50,21,10.62
SA,50,22,10.62
SA,50,23,10.62
SA,50,24,10.62
SA,50,25,10.62
SA,50,26,10.85
SA,50,27,10.85
SA,50,28,10.85
SA,50,29,10.85
SA,50,30,10.85
SA,50,31,12.17
SA,50,32,12.17
SA,50,33,12.17
SA,50,34,12.17
SA,50,35,12.17
SA,50,36,12.17
SA,50,37,12.17
SA,50,38,12.17
SA,50,39,12.17
SA,50,40,12.17
SA,50,41,12.17
SA,50,42,12.17
SA,50,43,12.17
SA,50,44,12.17
SA,50,45,12.17
SA,60,1,3.1
SA,60,2,3.1
SA,60,3,3.1
SA,60,4,4.42
SA,60,5,4.42
SA,60,6,4.42
SA,60,7,5.75
SA,60,8,5.75
SA,60,9,5.75
SA,60,10,5.75
SA,60,11,7.3
SA,60,12,7.3
SA,60,13,7.3
SA,60,14,7.3
SA,60,15,7.3
SA,60,16,8.18
SA,60,17,8.18
SA,60,18,8.18
SA,60,19,8.18
SA,60,20,8.18
SA,60,21,8.63
SA,60,22,8.63
SA,60,23,8.63
SA,60,24,8.63
SA,60,25,8.63
SA,60,26,9.08
SA,60,27,9.08
SA,60,28,9.08
SA,60,29,9.08
SA,60,30,9.08
SA,60,31,9.51
SA,60,32,9.51
SA,60,33,9.51
SA,60,34,9.51
SA,60,35,9.51
SA,60,36,9.51
SA,60,37,9.51
SA,60,38,9.51
SA,60,39,9.51
SA,60,40,9.51
SA,60,41,9.51
SA,60,42,9.51
SA,60,43,9.51
SA,60,44,9.51
SA,60,45,9.51
SA,70,1,3.1
SA,70,2,3.1
SA,70,3,3.1
SA,70,4,4.42
SA,70,5,4.42
SA,70,6,4.42
SA,70,7,5.75
SA,70,8,5.75
SA,70,9,5.75
SA,70,10,5.75
SA,70,11,7.3
SA,70,12,7.3
SA,70,13,7.3
SA,70,14,7.3
SA,70,15,7.3
SA,70,16,8.18
SA,70,17,8.18
SA,70,18,8.18
SA,70,19,8.18
SA,70,20,8.18
SA,70,21,8.63
SA,70,22,8.63
SA,70,23,8.63
SA,70,24,8.63
SA,70,25,8.63
SA,70,26,9.08
SA,70,27,9.08
SA,70,28,9.08
SA,70,29,9.08
SA,70,30,9.08
SA,70,31,9.51
SA,70,32,9.51
SA,70,33,9.51
SA,70,34,9.51
SA,70,35,9.51
SA,70,36,9.51
SA,70,37,9.51
SA,70,38,9.51
SA,70,39,9.51
SA,70,40,9.51
SA,70,41,9.51
SA,70,42,9.51
SA,70,43,9.51
SA,70,44,9.51
SA,70,45,9.51
SA,80,1,2.22
SA,80,2,2.22
SA,80,3,2.22
SA,80,4,3.1
SA,80,5,3.1
SA,80,6,3.1
SA,80,7,3.76
SA,80,8,3.76
SA,80,9,3.76
SA,80,10,3.76
SA,80,11,5.09
SA,80,12,5.09
SA,80,13,5.09
SA,80,14,5.09
SA,80,15,5.09
SA,80,16,6.41
SA,80,17,6.41
SA,80,18,6.41
SA,80,19,6.41
SA,80,20,6.41
SA,80,21,6.86
SA,80,22,6.86
SA,80,23,6.86
SA,80,24,6.86
SA,80,25,6.86
SA,80,26,7.3
SA,80,27,7.3
SA,80,28,7.3
SA,80,29,7.3
SA,80,30,7.3
SA,80,31,7.75
SA,80,32,7.75
SA,80,33,7.75
SA,80,34,7.75
SA,80,35,7.75
SA,80,36,7.75
SA,80,37,7.75
SA,80,38,7.75
SA,80,39,7.75
SA,80,40,7.75
SA,80,41,7.75
SA,80,42,7.75
SA,80,43,7.75
SA,80,44,7.75
SA,80,45,7.75
SA,90,1,2.22
SA,90,2,2.22
SA,90,3,2.22
SA,90,4,3.1
SA,90,5,3.1
SA,90,6,3.1
SA,90,7,3.76
SA,90,8,3.76
SA,90,9,3.76
SA,90,10,3.76
SA,90,11,5.09
SA,90,12,5.09
SA,90,13,5.09
SA,90,14,5.09
SA,90,15,5.09
SA,90,16,6.41
SA,90,17,6.41
SA,90,18,6.41
SA,90,19,6.41
SA,90,20,6.41
SA,90,21,6.86
SA,90,22,6.86
SA,90,23,6.86
SA,90,24,6.86
SA,90,25,6.86
SA,90,26,7.3
SA,90,27,7.3
SA,90,28,7.3
SA,90,29,7.3
SA,90,30,7.3
SA,90,31,7.75
SA,90,32,7.75
SA,90,33,7.75
SA,90,34,7.75
SA,90,35,7.75
SA,90,36,7.75
SA,90,37,7.75
SA,90,38,7.75
SA,90,39,7.75
SA,90,40,7.75
SA,90,41,7.75
SA,90,42,7.75
SA,90,43,7.75
SA,90,44,7.75
SA,90,45,7.75
SA,100,1,2.22
SA,100,2,2.22
SA,100,3,2.22
SA,100,4,3.1
SA,100,5,3.1
SA,100,6,3.1
SA,100,7,3.76
SA,100,8,3.76
SA,100,9,3.76
SA,100,10,3.76
SA,100,11,5.09
SA,100,12,5.09
SA,100,13,5.09
SA,100,14,5.09
SA,100,15,5.09
SA,100,16,6.41
SA,100,17,6.41
SA,100,18,6.41
SA,100,19,6.41
SA,100,20,6.41
SA,100,21,6.86
SA,100,22,6.86
SA,100,23,6.86
SA,100,24,6.86
SA,100,25,6.86
SA,100,26,7.3
SA,100,27,7.3
SA,100,28,7.3
SA,100,29,7.3
SA,100,30,7.3
SA,100,31,7.75
SA,100,32,7.75
SA,100,33,7.75
SA,100,34,7.75
SA,100,35,7.75
SA,100,36,7.75
SA,100,37,7.75
SA,100,38,7.75
SA,100,39,7.75
SA,100,40,7.75
SA,100,41,7.75
SA,100,42,7.75
SA,100,43,7.75
SA,100,44,7.75
SA,100,45,7.75
ZA,10,1,5.36
ZA,10,2,5.36
ZA,10,3,5.36
ZA,10,4,6.49
ZA,10,5,6.49
ZA,10,6,6.49
ZA,10,7,7.62
ZA,10,8,7.62
ZA,10,9,7.62
ZA,10,10,7.62
ZA,10,11,9.6
ZA,10,12,9.6
ZA,10,13,9.6
ZA,10,14,9.6
ZA,10,15,9.6
ZA,10,16,10.59
ZA,10,17,10.59
ZA,10,18,10.59
ZA,10,19,10.59
ZA,10,20,10.59
ZA,10,21,10.73
ZA,10,22,10.73
ZA,10,23,10.73
ZA,10,24,10.73
ZA,10,25,10.73
ZA,10,26,11.43
ZA,10,27,11.43
ZA,10,28,11.43
ZA,10,29,11.43
ZA,10,30,11.43
ZA,10,31,12.27
ZA,10,32,12.27
ZA,10,33,12.27
ZA,10,34,12.27
ZA,10,35,12.27
ZA,10,36,12.27
ZA,10,37,12.27
ZA,10,38,12.27
ZA,10,39,12.27
ZA,10,40,12.27
ZA,10,41,12.27
ZA,10,42,12.27
ZA,10,43,12.27
ZA,10,44,12.27
ZA,10,45,12.27
ZA,20,1,3.95
ZA,20,2,3.95
ZA,20,3,3.95
ZA,20,4,5.22
ZA,20,5,5.22
ZA,20,6,5.22
ZA,20,7,6.35
ZA,20,8,6.35
ZA,20,9,6.35
ZA,20,10,6.35
ZA,20,11,7.9
ZA,20,12,7.9
ZA,20,13,7.9
ZA,20,14,7.9
ZA,20,15,7.9
ZA,20,16,8.75
ZA,20,17,8.75
ZA,20,18,8.75
ZA,20,19,8.75
ZA,20,20,8.75
ZA,20,21,8.89
ZA,20,22,8.89
ZA,20,23,8.89
ZA,20,24,8.89
ZA,20,25,8.89
ZA,20,26,9.46
ZA,20,27,9.46
ZA,20,28,9.46
ZA,20,29,9.46
ZA,20,30,9.46
ZA,20,31,10.59
ZA,20,32,10.59
ZA,20,33,10.59
ZA,20,34,10.59
ZA,20,35,10.59
ZA,20,36,10.59
ZA,20,37,10.59
ZA,20,38,10.59
ZA,20,39,10.59
ZA,20,40,10.59
ZA,20,41,10.59
ZA,20,42,10.59
ZA,20,43,10.59
ZA,20,44,10.59
ZA,20,45,10.59
ZA,30,1,3.39
ZA,30,2,3.39
ZA,30,3,3.39
ZA,30,4,4.23
ZA,30,5,4.23
ZA,30,6,4.23
ZA,30,7,5.92
ZA,30,8,5.92
ZA,30,9,5.92
ZA,30,10,5.92
ZA,30,11,7.62
ZA,30,12,7.62
ZA,30,13,7.62
ZA,30,14,7.62
ZA,30,15,7.62
ZA,30,16,8.18
ZA,30,17,8.18
ZA,30,18,8.18
ZA,30,19,8.18
ZA,30,20,8.18
ZA,30,21,8.33
ZA,30,22,8.33
ZA,30,23,8.33
ZA,30,24,8.33
ZA,30,25,8.33
ZA,30,26,8.47
ZA,30,27,8.47
ZA,30,28,8.47
ZA,30,29,8.47
ZA,30,30,8.47
ZA,30,31,9.46
ZA,30,32,9.46
ZA,30,33,9.46
ZA,30,34,9.46
ZA,30,35,9.46
ZA,30,36,9.46
ZA,30,37,9.46
ZA,30,38,9.46
ZA,30,39,9.46
ZA,30,40,9.46
ZA,30,41,9.46
ZA,30,42,9.46
ZA,30,43,9.46
ZA,30,44,9.46
ZA,30,45,9.46
ZA,40,1,2.83
ZA,40,2,2.83
ZA,40,3,2.83
ZA,40,4,3.39
ZA,40,5,3.39
ZA,40,6,3.39
ZA,40,7,4.65
ZA,40,8,4.65
ZA,40,9,4.65
ZA,40,10,4.65
ZA,40,11,5.92
ZA,40,12,5.92
ZA,40,13,5.92
ZA,40,14,5.92
ZA,40,15,5.92
ZA,40,16,6.63
ZA,40,17,6.63
ZA,40,18,6.63
ZA,40,19,6.63
ZA,40,20,6.63
ZA,40,21,6.77
ZA,40,22,6.77
ZA,40,23,6.77
ZA,40,24,6.77
ZA,40,25,6.77
ZA,40,26,6.91
ZA,40,27,6.91
ZA,40,28,6.91
ZA,40,29,6.91
ZA,40,30,6.91
ZA,40,31,7.76
ZA,40,32,7.76
ZA,40,33,7.76
ZA,40,34,7.76
ZA,40,35,7.76
ZA,40,36,7.76
ZA,40,37,7.76
ZA,40,38,7.76
ZA,40,39,7.76
ZA,40,40,7.76
ZA,40,41,7.76
ZA,40,42,7.76
ZA,40,43,7.76
ZA,40,44,7.76
ZA,40,45,7.76
ZA,50,1,2.83
ZA,50,2,2.83
ZA,50,3,2.83
ZA,50,4,3.39
ZA,50,5,3.39
ZA,50,6,3.39
ZA,50,7,4.65
ZA,50,8,4.65
ZA,50,9,4.65
ZA,50,10,4.65
ZA,50,11,5.92
ZA,50,12,5.92
ZA,50,13,5.92
ZA,50,14,5.92
ZA,50,15,5.92
ZA,50,16,6.63
ZA,50,17,6.63
ZA,50,18,6.63
ZA,50,19,6.63
ZA,50,20,6.63
ZA,50,21,6.77
ZA,50,22,6.77
ZA,50,23,6.77
ZA,50,24,6.77
ZA,50,25,6.77
ZA,50,26,6.91
ZA,50,27,6.91
ZA,50,28,6.91
ZA,50,29,6.91
ZA,50,30,6.91
ZA,50,31,7.76
ZA,50,32,7.76
ZA,50,33,7.76
ZA,50,34,7.76
ZA,50,35,7.76
ZA,50,36,7.76
ZA,50,37,7.76
ZA,50,38,7.76
ZA,50,39,7.76
ZA,50,40,7.76
ZA,50,41,7.76
ZA,50,42,7.76
ZA,50,43,7.76
ZA,50,44,7.76
ZA,50,45,7.76
ZA,60,1,1.98
ZA,60,2,1.98
ZA,60,3,1.98
ZA,60,4,2.83
ZA,60,5,2.83
ZA,60,6,2.83
ZA,60,7,3.67
ZA,60,8,3.67
ZA,60,9,3.67
ZA,60,10,3.67
ZA,60,11,4.65
ZA,60,12,4.65
ZA,60,13,4.65
ZA,60,14,4.65
ZA,60,15,4.65
ZA,60,16,5.22
ZA,60,17,5.22
ZA,60,18,5.22
ZA,60,19,5.22
ZA,60,20,5.22
ZA,60,21,5.5
ZA,60,22,5.5
ZA,60,23,5.5
ZA,60,24,5.5
ZA,60,25,5.5
ZA,60,26,5.78
ZA,60,27,5.78
ZA,60,28,5.78
ZA,60,29,5.78
ZA,60,30,5.78
ZA,60,31,6.07
ZA,60,32,6.07
ZA,60,33,6.07
ZA,60,34,6.07
ZA,60,35,6.07
ZA,60,36,6.07
ZA,60,37,6.07
ZA,60,38,6.07
ZA,60,39,6.07
ZA,60,40,6.07
ZA,60,41,6.07
ZA,60,42,6.07
ZA,60,43,6.07
ZA,60,44,6.07
ZA,60,45,6.07
ZA,70,1,1.98
ZA,70,2,1.98
ZA,70,3,1.98
ZA,70,4,2.83
ZA,70,5,2.83
ZA,70,6,2.83
ZA,70,7,3.67
ZA,70,8,3.67
ZA,70,9,3.67
ZA,70,10,3.67
ZA,70,11,4.65
ZA,70,12,4.65
ZA,70,13,4.65
ZA,70,14,4.65
ZA,70,15,4.65
ZA,70,16,5.22
ZA,70,17,5.22
ZA,70,18,5.22
ZA,70,19,5.22
ZA,70,20,5.22
ZA,70,21,5.5
ZA,70,22,5.5
ZA,70,23,5.5
ZA,70,24,5.5
ZA,70,25,5.5
ZA,70,26,5.78
ZA,70,27,5.78
ZA,70,28,5.78
ZA,70,29,5.78
ZA,70,30,5.78
ZA,70,31,6.07
ZA,70,32,6.07
ZA,70,33,6.07
ZA,70,34,6.07
ZA,70,35,6.07
ZA,70,36,6.07
ZA,70,37,6.07
ZA,70,38,6.07
ZA,70,39,6.07
ZA,70,40,6.07
ZA,70,41,6.07
ZA,70,42,6.07
ZA,70,43,6.07
ZA,70,44,6.07
ZA,70,45,6.07
ZA,80,1,1.41
ZA,80,2,1.41
ZA,80,3,1.41
ZA,80,4,1.98
ZA,80,5,1.98
ZA,80,6,1.98
ZA,80,7,2.4
ZA,80,8,2.4
ZA,80,9,2.4
ZA,80,10,2.4
ZA,80,11,3.25
ZA,80,12,3.25
ZA,80,13,3.25
ZA,80,14,3.25
ZA,80,15,3.25
ZA,80,16,4.09
ZA,80,17,4.09
ZA,80,18,4.09
ZA,80,19,4.09
ZA,80,20,4.09
ZA,80,21,4.37
ZA,80,22,4.37
ZA,80,23,4.37
ZA,80,24,4.37
ZA,80,25,4.37
ZA,80,26,4.65
ZA,80,27,4.65
ZA,80,28,4.65
ZA,80,29,4.65
ZA,80,30,4.65
ZA,80,31,4.93
ZA,80,32,4.93
ZA,80,33,4.93
ZA,80,34,4.93
ZA,80,35,4.93
ZA,80,36,4.93
ZA,80,37,4.93
ZA,80,38,4.93
ZA,80,39,4.93
ZA,80,40,4.93
ZA,80,41,4.93
ZA,80,42,4.93
ZA,80,43,4.93
ZA,80,44,4.93
ZA,80,45,4.93
ZA,90,1,1.41
ZA,90,2,1.41
ZA,90,3,1.41
ZA,90,4,1.98
ZA,90,5,1.98
ZA,90,6,1.98
ZA,90,7,2.4
ZA,90,8,2.4
ZA,90,9,2.4
ZA,90,10,2.4
ZA,90,11,3.25
ZA,90,12,3.25
ZA,90,13,3.25
ZA,90,14,3.25
ZA,90,15,3.25
ZA,90,16,4.09
ZA,90,17,4.09
ZA,90,18,4.09
ZA,90,19,4.09
ZA,90,20,4.09
ZA,90,21,4.37
ZA,90,22,4.37
ZA,90,23,4.37
ZA,90,24,4.37
ZA,90,25,4.37
ZA,90,26,4.65
ZA,90,27,4.65
ZA,90,28,4.65
ZA,90,29,4.65
ZA,90,30,4.65
ZA,90,31,4.93
ZA,90,32,4.93
ZA,90,33,4.93
ZA,90,34,4.93
ZA,90,35,4.93
ZA,90,36,4.93
ZA,90,37,4.93
ZA,90,38,4.93
ZA,90,39,4.93
ZA,90,40,4.93
ZA,90,41,4.93
ZA,90,42,4.93
ZA,90,43,4.93
ZA,90,44,4.93
ZA,90,45,4.93
ZA,100,1,1.41
ZA,100,2,1.41
ZA,100,3,1.41
ZA,100,4,1.98
ZA,100,5,1.98
ZA,100,6,1.98
ZA,100,7,2.4
ZA,100,8,2.4
ZA,100,9,2.4
ZA,100,10,2.4
ZA,100,11,3.25
ZA,100,12,3.25
ZA,100,13,3.25
ZA,100,14,3.25
ZA,100,15,3.25
ZA,100,16,4.09
ZA,100,17,4.09
ZA,100,18,4.09
ZA,100,19,4.09
ZA,100,20,4.09
ZA,100,21,4.37
ZA,100,22,4.37
ZA,100,23,4.37
ZA,100,24,4.37
ZA,100,25,4.37
ZA,100,26,4.65
ZA,100,27,4.65
ZA,100,28,4.65
ZA,100,29,4.65
ZA,100,30,4.65
ZA,100,31,4.93
ZA,100,32,4.93
ZA,100,33,4.93
ZA,100,34,4.93
ZA,100,35,4.93
ZA,100,36,4.93
ZA,100,37,4.93
ZA,100,38,4.93
ZA,100,39,4.93
ZA,100,40,4.93
ZA,100,41,4.93
ZA,100,42,4.93
ZA,100,43,4.93
ZA,100,44,4.93
ZA,100,45,4.93
